Entity,Layer,XS,YS,XE,YE,XM,YM,ID,PS,PE,DS,DE,RS,RE,Shortest_Euclidean_Distance,RefName,ORIG_FID,Texture,DN,Pipe_Diameter
Line,PS_HSL,37489590.18,2399257.947,37489603.36,2399267.294,89596.77,2399262.621,1.0,HS_165,HS_171,0.0,0.0,0,0,0.5,Ì≈  DN400,51418.0,Ì≈,DN,400
Line,PS_HSL,37489605.36,2399261.345,37489603.36,2399267.294,89604.36,2399264.32,2.0,HS_166,HS_171,0.0,0.0,0,0,0.5,Ì≈  DN200,51419.0,Ì≈,DN,200
Line,PS_HSL,37489613.79,2399273.504,37489627.66,2399283.497,89620.73,2399278.501,3.0,HS_168,HS_172,0.0,0.0,0,0,0.5,Ì≈  DN400,51420.0,Ì≈,DN,400
Line,PS_HSL,37489603.36,2399267.294,37489613.79,2399273.504,89608.58,2399270.399,4.0,HS_171,HS_168,0.0,0.0,0,0,0.5,Ì≈  DN400,51421.0,Ì≈,DN,400
Line,PS_HSL,37489627.66,2399283.497,37489645.52,2399307.489,89636.59,2399295.493,5.0,HS_172,HS_177,0.0,0.0,0,0,0.5,Ì≈  DN400,51422.0,Ì≈,DN,400
Line,PS_HSL,37489611.38,2399260.167,37489603.36,2399267.294,89607.37,2399263.731,6.0,HS_811,HS_171,0.0,0.0,0,0,0.5,Ì≈  DN400,51423.0,Ì≈,DN,400
Line,PS_HSL,37489626.74,2399258.897,37489649.22,2399251.837,89637.98,2399255.367,7.0,HS_180,HS_281,0.0,0.0,0,0,0.5,Ì≈  DN300,51424.0,Ì≈,DN,300
Line,PS_HSL,37489649.22,2399251.837,37489679.64,2399240.9,89664.43,2399246.369,8.0,HS_281,HS_283,0.0,0.0,0,0,0.5,Ì≈  DN400,51425.0,Ì≈,DN,400
Line,PS_HSL,37489724.06,2399093.278,37489731.43,2399076.391,89727.74,2399084.835,9.0,HS_49,HS_51,0.0,0.0,0,0,0.5,Ì≈  DN400,51426.0,Ì≈,DN,400
Line,PS_HSL,37493998.48,2396303.571,37494001.21,2396298.22,93999.84,2396300.896,10.0,HS_742,HS_15,0.0,0.0,0,0,0.5,Ì≈  DN200,51427.0,Ì≈,DN,200
Line,PS_HSL,37493999.04,2396304.155,37494001.21,2396298.22,94000.12,2396301.188,11.0,HS_743,HS_15,0.0,0.0,0,0,0.5,PVC  DN200,51428.0,PVC,DN,200
Line,PS_HSL,37494030.52,2396313.324,37494001.21,2396298.22,94015.86,2396305.772,12.0,HS_16,HS_15,0.0,0.0,0,0,0.5,Ì≈  DN500,51429.0,Ì≈,DN,500
Line,PS_HSL,37494040.73,2396318.218,37494030.52,2396313.324,94035.63,2396315.771,13.0,HS_17,HS_16,0.0,0.0,0,0,0.5,Ì≈  DN500,51430.0,Ì≈,DN,500
Line,PS_HSL,37494050.36,2396322.404,37494040.73,2396318.218,94045.55,2396320.311,14.0,HS_18,HS_17,0.0,0.0,0,0,0.5,Ì≈  DN500,51431.0,Ì≈,DN,500
Line,PS_HSL,37493973.27,2396274.314,37493969.08,2396283.017,93971.18,2396278.666,15.0,HS_739,HS_13,0.0,0.0,0,0,0.5,PVC  DN150,51432.0,PVC,DN,150
Line,PS_HSL,37493972.84,2396274.083,37493969.08,2396283.017,93970.96,2396278.55,16.0,HS_740,HS_13,7.45e-09,0.0,0,0,0.5,PVC  DN150,51433.0,PVC,DN,150
Line,PS_HSL,37493965.64,2396291.235,37493969.08,2396283.017,93967.36,2396287.126,17.0,HS_14,HS_13,0.0,0.0,0,0,0.5,PVC  DN200,51434.0,PVC,DN,200
Line,PS_HSL,37494074.44,2396334.183,37494057.47,2396325.707,94065.95,2396329.945,18.0,HS_22,HS_20,0.0,0.0,0,0,0.5,Ì≈  DN500,51435.0,Ì≈,DN,500
Line,PS_HSL,37494081.66,2396337.249,37494074.44,2396334.183,94078.05,2396335.716,19.0,HS_23,HS_22,0.0,0.0,0,0,0.5,Ì≈  DN500,51436.0,Ì≈,DN,500
Line,PS_HSL,37493969.08,2396283.017,37493935.88,2396275.0,93952.48,2396279.009,20.0,HS_13,HS_741,0.0,0.0,0,0,0.5,Ì≈  DN500,51437.0,Ì≈,DN,500
Line,PS_HSL,37494001.21,2396298.22,37493969.08,2396283.017,93985.14,2396290.619,21.0,HS_15,HS_13,0.0,0.0,0,0,0.5,Ì≈  DN500,51438.0,Ì≈,DN,500
Line,PS_HSL,37494057.47,2396325.707,37494050.36,2396322.404,94053.92,2396324.056,22.0,HS_20,HS_18,0.0,0.0,0,0,0.5,Ì≈  DN500,51439.0,Ì≈,DN,500
Line,PS_HSL,37494064.33,2396309.47,37494057.47,2396325.707,94060.9,2396317.589,23.0,HS_754,HS_20,0.0,0.0,0,0,0.5,PVC  DN150,51440.0,PVC,DN,150
Line,PS_HSL,37494102.96,2396347.045,37494081.66,2396337.249,94092.31,2396342.147,24.0,HS_24,HS_23,0.0,0.0,0,0,0.5,Ì≈  DN500,51441.0,Ì≈,DN,500
Line,PS_HSL,37494122.91,2396356.006,37494102.96,2396347.045,94112.94,2396351.526,25.0,HS_25,HS_24,0.0,0.0,0,0,0.5,Ì≈  DN500,51442.0,Ì≈,DN,500
Line,PS_HSL,37494151.32,2396368.795,37494122.91,2396356.006,94137.12,2396362.401,26.0,HS_26,HS_25,0.0,0.0,0,0,0.5,Ì≈  DN400,51443.0,Ì≈,DN,400
Line,PS_HSL,37494156.83,2396370.997,37494151.32,2396368.795,94154.08,2396369.896,27.0,HS_745,HS_26,7.45e-09,0.0,0,0,0.5,Ì≈  DN400,51444.0,Ì≈,DN,400
Line,PS_HSL,37494158.47,2396380.974,37494151.32,2396368.795,94154.89,2396374.885,28.0,HS_746,HS_26,0.0,0.0,0,0,0.5,PVC  DN150,51445.0,PVC,DN,150
Line,PS_HSL,37494148.33,2396377.414,37494151.32,2396368.795,94149.83,2396373.105,29.0,HS_747,HS_26,7.45e-09,0.0,0,0,0.5,PVC  DN150,51446.0,PVC,DN,150
Line,PS_HSL,37494143.29,2396375.009,37494151.32,2396368.795,94147.3,2396371.902,30.0,HS_748,HS_26,0.0,0.0,0,0,0.5,PVC  DN100,51447.0,PVC,DN,100
Line,PS_HSL,37494145.74,2396375.854,37494151.32,2396368.795,94148.53,2396372.325,31.0,HS_749,HS_26,0.0,0.0,0,0,0.5,Ì≈  DN400,51448.0,Ì≈,DN,400
Line,PS_HSL,37493935.88,2396275.0,37493893.52,2396273.184,93914.7,2396274.092,32.0,HS_741,HS_21,0.0,0.0,0,0,0.5,Ì≈  DN500,51449.0,Ì≈,DN,500
Line,PS_HSL,37493893.52,2396273.184,37493840.32,2396272.181,93866.92,2396272.683,33.0,HS_21,HS_750,0.0,0.0,0,0,0.5,Ì≈  DN500,51450.0,Ì≈,DN,500
Line,PS_HSL,37493840.32,2396272.181,37493793.27,2396267.903,93816.79,2396270.042,34.0,HS_750,HS_751,0.0,7.45e-09,0,0,0.5,Ì≈  DN500,51451.0,Ì≈,DN,500
Line,PS_HSL,37493793.27,2396267.903,37493751.84,2396242.051,93772.55,2396254.977,35.0,HS_751,HS_752,7.45e-09,7.45e-09,0,0,0.5,Ì≈  DN500,51452.0,Ì≈,DN,500
Line,PS_HSL,37493751.84,2396242.051,37493730.78,2396240.408,93741.31,2396241.23,36.0,HS_752,HS_6408,7.45e-09,0.0,0,0,0.5,Ì≈  DN500,51453.0,Ì≈,DN,500
Line,PS_HSL,37493380.75,2393733.237,37493377.0,2393770.221,93378.88,2393751.729,37.0,HS_27,HS_28,0.0,0.0,0,0,0.5,Ì≈  DN600,51454.0,Ì≈,DN,600
Line,PS_HSL,37489457.71,2396483.692,37489443.02,2396485.097,89450.37,2396484.395,38.0,HS_218,HS_5672,0.0,0.0,0,0,0.5,Ì≈  DN600,51455.0,Ì≈,DN,600
Line,PS_HSL,37489258.68,2396098.506,37489259.89,2396088.097,89259.29,2396093.302,39.0,HS_671,HS_4929,0.0,0.0,0,0,0.5,Ì≈  DN1000,51456.0,Ì≈,DN,1000
Line,PS_HSL,37489426.7,2398288.884,37489426.77,2398317.905,89426.73,2398303.395,40.0,HS_44,HS_45,0.0,0.0,0,0,0.5,Ì≈  DN500,51457.0,Ì≈,DN,500
Line,PS_HSL,37489426.77,2398317.905,37489427.06,2398345.15,89426.92,2398331.528,41.0,HS_45,HS_46,0.0,0.0,0,0,0.5,Ì≈  DN400,51458.0,Ì≈,DN,400
Line,PS_HSL,37489427.06,2398345.15,37489427.17,2398358.418,89427.12,2398351.784,42.0,HS_46,HS_204,0.0,0.0,0,0,0.5,Ì≈  DN400,51459.0,Ì≈,DN,400
Line,PS_HSL,37489709.94,2399225.794,37489704.78,2399227.424,89707.36,2399226.609,43.0,HS_763,HS_37,7.45e-09,0.0,0,0,0.5,Ì≈  DN200,51460.0,Ì≈,DN,200
Line,PS_HSL,37489674.0,2399142.09,37489684.43,2399134.427,89679.21,2399138.259,44.0,HS_1,HS_2,0.0,0.0,0,0,0.5,Ì≈  DN400,51461.0,Ì≈,DN,400
Line,PS_HSL,37489684.43,2399134.427,37489716.6,2399108.583,89700.52,2399121.505,45.0,HS_2,HS_4,0.0,0.0,0,0,0.5,Ì≈  DN400,51462.0,Ì≈,DN,400
Line,PS_HSL,37489716.6,2399108.583,37489723.25,2399102.836,89719.93,2399105.71,46.0,HS_4,HS_5,0.0,0.0,0,0,0.5,Ì≈  DN400,51463.0,Ì≈,DN,400
Line,PS_HSL,37489723.25,2399102.836,37489727.81,2399097.209,89725.53,2399100.023,47.0,HS_5,HS_48,0.0,0.0,0,0,0.5,Ì≈  DN400,51464.0,Ì≈,DN,400
Line,PS_HSL,37489727.81,2399097.209,37489724.06,2399093.278,89725.94,2399095.244,48.0,HS_48,HS_49,0.0,0.0,0,0,0.5,Ì≈  DN400,51465.0,Ì≈,DN,400
Line,PS_HSL,37489559.3,2399208.237,37489546.94,2399196.983,89553.12,2399202.61,49.0,HS_105,HS_104,0.0,0.0,0,0,0.5,Ì≈  DN400,51466.0,Ì≈,DN,400
Line,PS_HSL,37489544.4,2399201.877,37489546.94,2399196.983,89545.67,2399199.43,50.0,HS_794,HS_104,0.0,0.0,0,0,0.5,Ì≈  DN200,51467.0,Ì≈,DN,200
Line,PS_HSL,37489555.57,2399212.371,37489559.3,2399208.237,89557.43,2399210.304,51.0,HS_809,HS_105,0.0,0.0,0,0,0.5,Ì≈  DN200,51468.0,Ì≈,DN,200
Line,PS_HSL,37489562.88,2399215.658,37489571.72,2399228.126,89567.3,2399221.892,52.0,HS_157,HS_158,0.0,0.0,0,0,0.5,Ì≈  DN400,51469.0,Ì≈,DN,400
Line,PS_HSL,37489571.72,2399228.126,37489575.92,2399236.419,89573.82,2399232.273,53.0,HS_158,HS_159,0.0,0.0,0,0,0.5,Ì≈  DN400,51470.0,Ì≈,DN,400
Line,PS_HSL,37489575.92,2399236.419,37489590.18,2399257.947,89583.05,2399247.183,54.0,HS_159,HS_165,0.0,0.0,0,0,0.5,Ì≈  DN400,51471.0,Ì≈,DN,400
Line,PS_HSL,37489592.4,2399224.054,37489575.92,2399236.419,89584.16,2399230.237,55.0,HS_162,HS_159,0.0,0.0,0,0,0.5,Ì≈  DN400,51472.0,Ì≈,DN,400
Line,PS_HSL,37489051.76,2399967.74,37489055.16,2399973.373,89053.46,2399970.557,56.0,HS_6,HS_385,0.0,0.0,0,0,0.5,Ì≈  DN600,51473.0,Ì≈,DN,600
Line,PS_HSL,37488805.71,2399946.428,37488824.39,2399940.684,88815.05,2399943.556,57.0,HS_8,HS_7,0.0,0.0,0,0,0.5,Ì≈  DN600,51474.0,Ì≈,DN,600
Line,PS_HSL,37488821.78,2399945.821,37488824.39,2399940.684,88823.08,2399943.253,58.0,HS_9,HS_7,0.0,0.0,0,0,0.5,PVC  DN600,51475.0,PVC,DN,600
Line,PS_HSL,37488800.99,2399950.44,37488805.71,2399946.428,88803.35,2399948.434,59.0,HS_738,HS_8,7.45e-09,0.0,0,0,0.5,Ì≈  DN600,51476.0,Ì≈,DN,600
Line,PS_HSL,37488802.03,2399978.675,37488821.78,2399945.821,88811.91,2399962.248,60.0,HS_10,HS_9,0.0,0.0,0,0,0.5,PVC  DN600,51477.0,PVC,DN,600
Line,PS_HSL,37488774.48,2400018.141,37488802.03,2399978.675,88788.26,2399998.408,61.0,HS_11,HS_10,0.0,0.0,0,0,0.5,PVC  DN600,51478.0,PVC,DN,600
Line,PS_HSL,37488751.72,2400051.539,37488774.48,2400018.141,88763.1,2400034.84,62.0,HS_12,HS_11,0.0,0.0,0,0,0.5,PVC  DN600,51479.0,PVC,DN,600
Line,PS_HSL,37489493.9,2398612.528,37489465.27,2398612.465,89479.58,2398612.497,63.0,HS_325,HS_321,0.0,0.0,0,0,0.5,Ì≈  DN400,51480.0,Ì≈,DN,400
Line,PS_HSL,37489523.74,2398612.368,37489493.9,2398612.528,89508.82,2398612.448,64.0,HS_327,HS_325,0.0,0.0,0,0,0.5,Ì≈  DN400,51481.0,Ì≈,DN,400
Line,PS_HSL,37489554.02,2398612.275,37489523.74,2398612.368,89538.88,2398612.322,65.0,HS_330,HS_327,0.0,0.0,0,0,0.5,Ì≈  DN400,51482.0,Ì≈,DN,400
Line,PS_HSL,37489560.1,2398630.203,37489560.67,2398618.579,89560.38,2398624.391,66.0,HS_335,HS_236,0.0,0.0,0,0,0.5,Ì≈  DN300,51483.0,Ì≈,DN,300
Line,PS_HSL,37489562.69,2398621.722,37489557.29,2398621.242,89559.99,2398621.482,67.0,HS_336,HS_334,0.0,0.0,0,0,0.5,Ì≈  DN200,51484.0,Ì≈,DN,200
Line,PS_HSL,37489559.83,2398638.695,37489560.1,2398630.203,89559.96,2398634.449,68.0,HS_337,HS_335,0.0,0.0,0,0,0.5,Ì≈  DN300,51485.0,Ì≈,DN,300
Line,PS_HSL,37489559.95,2398655.656,37489559.83,2398638.695,89559.89,2398647.176,69.0,HS_338,HS_337,0.0,0.0,0,0,0.5,Ì≈  DN300,51486.0,Ì≈,DN,300
Line,PS_HSL,37489557.31,2398640.638,37489562.97,2398639.896,89560.14,2398640.267,70.0,HS_340,HS_339,0.0,0.0,0,0,0.5,Ì≈  DN200,51487.0,Ì≈,DN,200
Line,PS_HSL,37489589.77,2398612.099,37489554.02,2398612.275,89571.9,2398612.187,71.0,HS_343,HS_330,0.0,0.0,0,0,0.5,Ì≈  DN400,51488.0,Ì≈,DN,400
Line,PS_HSL,37489624.6,2398612.271,37489589.77,2398612.099,89607.18,2398612.185,72.0,HS_344,HS_343,0.0,0.0,0,0,0.5,Ì≈  DN400,51489.0,Ì≈,DN,400
Line,PS_HSL,37489642.89,2398612.118,37489624.6,2398612.271,89633.74,2398612.195,73.0,HS_345,HS_344,0.0,0.0,0,0,0.5,Ì≈  DN300,51490.0,Ì≈,DN,300
Line,PS_HSL,37489624.5,2398623.979,37489624.6,2398612.271,89624.55,2398618.125,74.0,HS_349,HS_344,0.0,0.0,0,0,0.5,Ì≈  DN300,51491.0,Ì≈,DN,300
Line,PS_HSL,37489629.37,2398620.749,37489624.5,2398623.979,89626.94,2398622.364,75.0,HS_351,HS_349,0.0,0.0,0,0,0.5,PVC  DN100,51492.0,PVC,DN,100
Line,PS_HSL,37489624.88,2398644.571,37489624.5,2398623.979,89624.69,2398634.275,76.0,HS_352,HS_349,0.0,0.0,0,0,0.5,Ì≈  DN300,51493.0,Ì≈,DN,300
Line,PS_HSL,37489624.77,2398667.3,37489624.88,2398644.571,89624.82,2398655.936,77.0,HS_354,HS_352,0.0,0.0,0,0,0.5,Ì≈  DN300,51494.0,Ì≈,DN,300
Line,PS_HSL,37489668.8,2396967.415,37489678.11,2396968.335,89673.45,2396967.875,78.0,HS_226,HS_547,0.0,0.0,0,0,0.5,Ì≈  DN200,51495.0,Ì≈,DN,200
Line,PS_HSL,37489673.38,2396931.657,37489682.51,2396932.965,89677.94,2396932.311,79.0,HS_227,HS_546,0.0,0.0,0,0,0.5,Ì≈  DN200,51496.0,Ì≈,DN,200
Line,PS_HSL,37489070.45,2396998.777,37489119.94,2396996.512,89095.2,2396997.645,80.0,HS_146,HS_221,0.0,0.0,0,0,0.5,Ì≈  DN400,51497.0,Ì≈,DN,400
Line,PS_HSL,37490008.8,2398193.901,37490008.84,2398214.651,90008.82,2398204.276,81.0,HS_468,HS_469,0.0,0.0,0,0,0.5,Ì≈  DN300,51498.0,Ì≈,DN,300
Line,PS_HSL,37489982.81,2398212.639,37489983.9,2398195.091,89983.36,2398203.865,82.0,HS_471,HS_472,0.0,0.0,0,0,0.5,Ì≈  DN800,51499.0,Ì≈,DN,800
Line,PS_HSL,37489983.9,2398195.091,37489957.34,2398195.751,89970.62,2398195.421,83.0,HS_472,HS_712,0.0,0.0,0,0,0.5,Ì≈  DN800,51500.0,Ì≈,DN,800
Line,PS_HSL,37489612.86,2399172.273,37489601.07,2399202.662,89606.96,2399187.468,84.0,HS_297,HS_294,0.0,0.0,0,0,0.5,Ì≈  DN400,51501.0,Ì≈,DN,400
Line,PS_HSL,37489617.04,2399166.557,37489612.86,2399172.273,89614.95,2399169.415,85.0,HS_846,HS_297,7.45e-09,0.0,0,0,0.5,Ì≈  DN400,51502.0,Ì≈,DN,400
Line,PS_HSL,37489479.72,2396484.078,37489478.73,2396478.305,89479.22,2396481.192,86.0,HS_443,HS_559,0.0,0.0,0,0,0.5,Ì≈  DN400,51503.0,Ì≈,DN,400
Line,PS_HSL,37489449.51,2396963.323,37489453.12,2396956.689,89451.32,2396960.006,87.0,HS_222,HS_958,0.0,7.45e-09,0,0,0.5,PVC  DN300,51504.0,PVC,DN,300
Line,PS_HSL,37489451.89,2396975.429,37489449.51,2396963.323,89450.7,2396969.376,88.0,HS_223,HS_222,0.0,0.0,0,0,0.5,Ì≈  DN300,51505.0,Ì≈,DN,300
Line,PS_HSL,37488449.02,2399532.666,37488392.62,2399511.422,88420.82,2399522.044,89.0,HS_188,HS_187,0.0,0.0,0,0,0.5,Ì≈  DN400X300,51506.0,Ì≈,DN,400X300
Line,PS_HSL,37489457.71,2396483.692,37489467.2,2396498.514,89462.45,2396491.103,90.0,HS_218,HS_949,0.0,0.0,0,0,0.5,Ì≈  DN600,51507.0,Ì≈,DN,600
Line,PS_HSL,37489621.13,2396459.156,37489624.1,2396484.473,89622.61,2396471.815,91.0,HS_706,HS_705,0.0,0.0,0,0,0.5,Ì≈  DN400,51508.0,Ì≈,DN,400
Line,PS_HSL,37489426.26,2398230.659,37489403.76,2398230.937,89415.01,2398230.798,92.0,HS_36,HS_5043,0.0,0.0,0,0,0.5,Ì≈  DN400,51509.0,Ì≈,DN,400
Line,PS_HSL,37489448.24,2396254.444,37489405.16,2396252.514,89426.7,2396253.479,93.0,WS_5723,WS_1021,0.0,0.0,0,0,0.5,Ì≈  DN1000,51510.0,Ì≈,DN,1000
Line,PS_HSL,37489483.67,2396458.238,37489478.73,2396478.305,89481.2,2396468.272,94.0,HS_467,HS_559,0.0,0.0,0,0,0.5,PVC  DN300,51511.0,PVC,DN,300
Line,PS_HSL,37488953.76,2397146.351,37488953.72,2397136.105,88953.74,2397141.228,95.0,HS_914,HS_507,7.45e-09,0.0,0,0,0.5,Ì≈  DN400,51512.0,Ì≈,DN,400
Line,PS_HSL,37488953.72,2397136.105,37488953.84,2397116.529,88953.78,2397126.317,96.0,HS_507,HS_510,0.0,0.0,0,0,0.5,Ì≈  DN400,51513.0,Ì≈,DN,400
Line,PS_HSL,37488961.05,2397116.229,37488956.04,2397116.415,88958.54,2397116.322,97.0,HS_508,HS_509,0.0,0.0,0,0,0.5,Ì≈  DN200,51514.0,Ì≈,DN,200
Line,PS_HSL,37488953.84,2397116.529,37488953.79,2397106.492,88953.82,2397111.511,98.0,HS_510,HS_511,0.0,0.0,0,0,0.5,Ì≈  DN400,51515.0,Ì≈,DN,400
Line,PS_HSL,37488953.79,2397106.492,37488953.74,2397088.416,88953.76,2397097.454,99.0,HS_511,HS_514,0.0,0.0,0,0,0.5,Ì≈  DN400,51516.0,Ì≈,DN,400
Line,PS_HSL,37488961.09,2397087.742,37488956.04,2397088.009,88958.57,2397087.876,100.0,HS_512,HS_513,0.0,0.0,0,0,0.5,Ì≈  DN300,51517.0,Ì≈,DN,300
Line,PS_HSL,37489497.61,2398213.412,37489504.43,2398213.363,89501.02,2398213.388,101.0,HS_589,HS_591,0.0,0.0,0,0,0.5,Ì≈  DN500,51518.0,Ì≈,DN,500
Line,PS_HSL,37489504.43,2398213.363,37489529.01,2398213.338,89516.72,2398213.351,102.0,HS_591,HS_964,0.0,0.0,0,0,0.5,Ì≈  DN500,51519.0,Ì≈,DN,500
Line,PS_HSL,37489559.53,2398213.174,37489574.29,2398213.074,89566.91,2398213.124,103.0,HS_595,HS_965,0.0,0.0,0,0,0.5,Ì≈  DN500,51520.0,Ì≈,DN,500
Line,PS_HSL,37489932.99,2398195.791,37489957.34,2398195.751,89945.16,2398195.771,104.0,HS_475,HS_712,0.0,0.0,0,0,0.5,Ì≈  DN800,51521.0,Ì≈,DN,800
Line,PS_HSL,37489932.99,2398195.791,37489925.94,2398195.617,89929.46,2398195.704,105.0,HS_475,HS_476,0.0,0.0,0,0,0.5,Ì≈  DN800,51522.0,Ì≈,DN,800
Line,PS_HSL,37489925.94,2398195.617,37489882.39,2398195.751,89904.17,2398195.684,106.0,HS_476,HS_713,0.0,0.0,0,0,0.5,Ì≈  DN800,51523.0,Ì≈,DN,800
Line,PS_HSL,37489868.43,2398195.651,37489882.39,2398195.751,89875.41,2398195.701,107.0,HS_478,HS_713,0.0,0.0,0,0,0.5,Ì≈  DN800,51524.0,Ì≈,DN,800
Line,PS_HSL,37489868.43,2398195.651,37489869.04,2398210.479,89868.74,2398203.065,108.0,HS_478,HS_703,0.0,0.0,0,0,0.5,Ì≈  DN300,51525.0,Ì≈,DN,300
Line,PS_HSL,37489679.64,2399240.9,37489701.79,2399241.931,89690.71,2399241.416,109.0,HS_283,HS_286,0.0,0.0,0,0,0.5,Ì≈  DN400,51526.0,Ì≈,DN,400
Line,PS_HSL,37489701.79,2399241.931,37489732.64,2399247.444,89717.22,2399244.688,110.0,HS_286,HS_292,0.0,0.0,0,0,0.5,Ì≈  DN400,51527.0,Ì≈,DN,400
Line,PS_HSL,37489700.97,2396680.99,37489711.01,2396681.174,89705.99,2396681.082,111.0,HS_423,HS_560,0.0,0.0,0,0,0.5,Ì≈  DN200,51528.0,Ì≈,DN,200
Line,PS_HSL,37489620.87,2398662.182,37489624.77,2398667.3,89622.82,2398664.741,112.0,HS_356,HS_354,0.0,0.0,0,0,0.5,Ì≈  DN150,51529.0,Ì≈,DN,150
Line,PS_HSL,37488734.44,2400084.956,37488751.72,2400051.539,88743.08,2400068.248,113.0,HS_38,HS_12,0.0,0.0,0,0,0.5,PVC  DN600,51530.0,PVC,DN,600
Line,PS_HSL,37488719.55,2400138.109,37488734.44,2400084.956,88726.99,2400111.533,114.0,HS_39,HS_38,0.0,0.0,0,0,0.5,PVC  DN600,51531.0,PVC,DN,600
Line,PS_HSL,37488704.52,2400178.707,37488719.55,2400138.109,88712.04,2400158.408,115.0,HS_40,HS_39,0.0,0.0,0,0,0.5,PVC  DN600,51532.0,PVC,DN,600
Line,PS_HSL,37488664.45,2400210.521,37488683.45,2400203.86,88673.95,2400207.191,116.0,WS_6243,WS_34,0.0,0.0,0,0,0.5,PVC  DN600,51533.0,PVC,DN,600
Line,PS_HSL,37488633.24,2400214.068,37488664.45,2400210.521,88648.85,2400212.295,117.0,HS_42,HS_6243,0.0,0.0,0,0,0.5,PVC  DN400,51534.0,PVC,DN,400
Line,PS_HSL,37488622.15,2400219.76,37488633.24,2400214.068,88627.7,2400216.914,118.0,HS_30,HS_42,0.0,0.0,0,0,0.5,PVC  DN400,51535.0,PVC,DN,400
Line,PS_HSL,37488371.02,2399729.94,37488377.47,2399726.024,88374.24,2399727.982,119.0,HS_235,HS_860,0.0,7.45e-09,0,0,0.5,PVC  DN300,51536.0,PVC,DN,300
Line,PS_HSL,37489560.67,2398618.579,37489554.02,2398612.275,89557.34,2398615.427,120.0,HS_236,HS_330,0.0,0.0,0,0,0.5,Ì≈  DN300,51537.0,Ì≈,DN,300
Line,PS_HSL,37489762.2,2399253.559,37489732.64,2399247.444,89747.42,2399250.502,121.0,HS_237,HS_292,0.0,0.0,0,0,0.5,Ì≈  DN400,51538.0,Ì≈,DN,400
Line,PS_HSL,37489846.89,2399279.175,37489807.26,2399268.017,89827.07,2399273.596,122.0,HS_181,HS_293,0.0,0.0,0,0,0.5,Ì≈  DN300,51539.0,Ì≈,DN,300
Line,PS_HSL,37489792.91,2399263.101,37489762.2,2399253.559,89777.56,2399258.33,123.0,HS_358,HS_237,0.0,0.0,0,0,0.5,Ì≈  DN400,51540.0,Ì≈,DN,400
Line,PS_HSL,37488610.09,2400241.628,37488620.09,2400225.869,88615.09,2400233.749,124.0,HS_359,HS_360,0.0,0.0,0,0,0.5,PVC  DN800,51541.0,PVC,DN,800
Line,PS_HSL,37488622.13,2400223.142,37488627.62,2400219.112,88624.87,2400221.127,125.0,HS_361,HS_362,0.0,0.0,0,0,0.5,PVC  DN800,51542.0,PVC,DN,800
Line,PS_HSL,37488627.62,2400219.112,37488634.1,2400216.768,88630.86,2400217.94,126.0,HS_362,HS_363,0.0,0.0,0,0,0.5,PVC  DN800,51543.0,PVC,DN,800
Line,PS_HSL,37488634.1,2400216.768,37488644.56,2400215.945,88639.33,2400216.357,127.0,HS_363,HS_364,0.0,0.0,0,0,0.5,PVC  DN800,51544.0,PVC,DN,800
Line,PS_HSL,37488644.56,2400215.945,37488657.5,2400216.781,88651.03,2400216.363,128.0,HS_364,HS_365,0.0,0.0,0,0,0.5,PVC  DN800,51545.0,PVC,DN,800
Line,PS_HSL,37488657.5,2400216.781,37488680.79,2400210.6,88669.14,2400213.691,129.0,HS_365,YS_16920,0.0,0.0,0,0,0.5,PVC  DN800,51546.0,PVC,DN,800
Line,PS_HSL,37490454.54,2399280.606,37490433.71,2399280.604,90444.13,2399280.605,130.0,HS_366,HS_367,0.0,0.0,0,0,0.5,PVC  DN600,51547.0,PVC,DN,600
Line,PS_HSL,37490433.71,2399280.604,37490411.05,2399272.532,90422.38,2399276.568,131.0,HS_367,HS_368,0.0,0.0,0,0,0.5,PVC  DN600,51548.0,PVC,DN,600
Line,PS_HSL,37490411.05,2399272.532,37490389.09,2399263.186,90400.07,2399267.859,132.0,HS_368,HS_369,0.0,0.0,0,0,0.5,PVC  DN600,51549.0,PVC,DN,600
Line,PS_HSL,37490390.55,2399258.18,37490389.09,2399263.186,90389.82,2399260.683,133.0,HS_867,HS_369,7.45e-09,0.0,0,0,0.5,PVC  DN200,51550.0,PVC,DN,200
Line,PS_HSL,37490389.09,2399263.186,37490380.09,2399261.26,90384.59,2399262.223,134.0,HS_369,HS_370,0.0,0.0,0,0,0.5,PVC  DN600,51551.0,PVC,DN,600
Line,PS_HSL,37488608.97,2400238.9,37488622.15,2400219.76,88615.56,2400229.33,135.0,HS_31,HS_30,0.0,0.0,0,0,0.5,PVC  DN400,51552.0,PVC,DN,400
Line,PS_HSL,37488601.72,2400253.98,37488608.97,2400238.9,88605.34,2400246.44,136.0,HS_32,HS_31,0.0,0.0,0,0,0.5,÷˝Ã˙  DN400,51553.0,÷˝Ã˙,DN,400
Line,PS_HSL,37488595.77,2400265.165,37488601.72,2400253.98,88598.74,2400259.573,137.0,HS_33,HS_32,0.0,0.0,0,0,0.5,PVC  DN400,51554.0,PVC,DN,400
Line,PS_HSL,37488683.45,2400203.86,37488694.5,2400194.796,88688.97,2400199.328,138.0,HS_34,HS_35,0.0,0.0,0,0,0.5,PVC  DN600,51555.0,PVC,DN,600
Line,PS_HSL,37488694.5,2400194.796,37488704.52,2400178.707,88699.51,2400186.752,139.0,HS_35,HS_40,0.0,0.0,0,0,0.5,PVC  DN600,51556.0,PVC,DN,600
Line,PS_HSL,37489727.31,2399051.042,37489728.04,2399036.517,89727.67,2399043.78,140.0,HS_777,HS_53,7.45e-09,0.0,0,0,0.5,Ì≈  DN600,51557.0,Ì≈,DN,600
Line,PS_HSL,37489728.04,2399036.517,37489729.82,2399021.076,89728.93,2399028.797,141.0,HS_53,HS_55,0.0,0.0,0,0,0.5,Ì≈  DN600,51558.0,Ì≈,DN,600
Line,PS_HSL,37489721.29,2399035.994,37489728.04,2399036.517,89724.67,2399036.256,142.0,HS_54,HS_53,0.0,0.0,0,0,0.5,Ì≈  DN600,51559.0,Ì≈,DN,600
Line,PS_HSL,37489729.82,2399021.076,37489738.28,2399014.095,89734.05,2399017.586,143.0,HS_55,HS_58,0.0,0.0,0,0,0.5,Ì≈  DN600,51560.0,Ì≈,DN,600
Line,PS_HSL,37489720.96,2399022.354,37489738.28,2399014.095,89729.62,2399018.225,144.0,HS_56,HS_58,0.0,0.0,0,0,0.5,Ì≈  DN600,51561.0,Ì≈,DN,600
Line,PS_HSL,37489738.28,2399014.095,37489744.11,2399013.495,89741.19,2399013.795,145.0,HS_58,HS_205,0.0,0.0,0,0,0.5,Ì≈  DN600,51562.0,Ì≈,DN,600
Line,PS_HSL,37489426.54,2398237.734,37489426.26,2398230.659,89426.4,2398234.197,146.0,HS_60,HS_36,0.0,0.0,0,0,0.5,Ì≈  DN500,51563.0,Ì≈,DN,500
Line,PS_HSL,37489426.46,2398253.69,37489426.54,2398237.734,89426.5,2398245.712,147.0,HS_43,HS_60,0.0,0.0,0,0,0.5,Ì≈  DN500,51564.0,Ì≈,DN,500
Line,PS_HSL,37489426.67,2398263.64,37489426.46,2398253.69,89426.57,2398258.665,148.0,HS_61,HS_43,0.0,0.0,0,0,0.5,Ì≈  DN500,51565.0,Ì≈,DN,500
Line,PS_HSL,37489426.7,2398288.884,37489426.67,2398263.64,89426.69,2398276.262,149.0,HS_44,HS_61,0.0,0.0,0,0,0.5,Ì≈  DN500,51566.0,Ì≈,DN,500
Line,PS_HSL,37489427.71,2398378.087,37489427.17,2398358.418,89427.44,2398368.253,150.0,HS_781,HS_204,7.45e-09,0.0,0,0,0.5,Ì≈  DN400,51567.0,Ì≈,DN,400
Line,PS_HSL,37488680.79,2400210.6,37488703.64,2400190.662,88692.21,2400200.631,151.0,YS_16920,HS_65,0.0,0.0,0,0,0.5,Ì≈  DN1000X1000,51568.0,Ì≈,DN,1000X1000
Line,PS_HSL,37488703.64,2400190.662,37488718.92,2400170.941,88711.28,2400180.802,152.0,HS_65,HS_66,0.0,0.0,0,0,0.5,Ì≈  DN1000X1000,51569.0,Ì≈,DN,1000X1000
Line,PS_HSL,37488718.92,2400170.941,37488730.66,2400152.268,88724.79,2400161.605,153.0,HS_66,HS_67,0.0,0.0,0,0,0.5,Ì≈  DN1000X1000,51570.0,Ì≈,DN,1000X1000
Line,PS_HSL,37488730.66,2400152.268,37488744.51,2400145.202,88737.58,2400148.735,154.0,HS_67,HS_68,0.0,0.0,0,0,0.5,Ì≈  DN1000X1000,51571.0,Ì≈,DN,1000X1000
Line,PS_HSL,37488744.51,2400145.202,37488786.33,2400142.96,88765.42,2400144.081,155.0,HS_68,HS_69,0.0,0.0,0,0,0.5,Ì≈  DN1000X1000,51572.0,Ì≈,DN,1000X1000
Line,PS_HSL,37488786.33,2400142.96,37488813.91,2400132.231,88800.12,2400137.596,156.0,HS_69,HS_70,0.0,0.0,0,0,0.5,Ì≈  DN1000X1000,51573.0,Ì≈,DN,1000X1000
Line,PS_HSL,37488813.91,2400132.231,37488827.95,2400099.13,88820.93,2400115.681,157.0,HS_70,HS_71,0.0,0.0,0,0,0.5,Ì≈  DN1000X1000,51574.0,Ì≈,DN,1000X1000
Line,PS_HSL,37488827.95,2400099.13,37488839.29,2400069.374,88833.62,2400084.252,158.0,HS_71,HS_72,0.0,0.0,0,0,0.5,Ì≈  DN1000X1000,51575.0,Ì≈,DN,1000X1000
Line,PS_HSL,37488839.29,2400069.374,37488851.08,2400043.653,88845.18,2400056.514,159.0,HS_72,HS_73,0.0,0.0,0,0,0.5,Ì≈  DN1000X1000,51576.0,Ì≈,DN,1000X1000
Line,PS_HSL,37488851.08,2400043.653,37488873.38,2400039.251,88862.23,2400041.452,160.0,HS_73,HS_74,0.0,0.0,0,0,0.5,Ì≈  DN1000X1000,51577.0,Ì≈,DN,1000X1000
Line,PS_HSL,37488873.38,2400039.251,37488889.68,2400038.151,88881.53,2400038.701,161.0,HS_74,HS_75,0.0,0.0,0,0,0.5,Ì≈  DN1000X1000,51578.0,Ì≈,DN,1000X1000
Line,PS_HSL,37488889.68,2400038.151,37488897.81,2400037.211,88893.74,2400037.681,162.0,HS_75,HS_76,0.0,0.0,0,0,0.5,Ì≈  DN1000X1000,51579.0,Ì≈,DN,1000X1000
Line,PS_HSL,37488897.81,2400037.211,37488935.85,2400029.236,88916.83,2400033.224,163.0,HS_76,HS_78,0.0,0.0,0,0,0.5,Ì≈  DN1000X1000,51580.0,Ì≈,DN,1000X1000
Line,PS_HSL,37488935.85,2400029.236,37488960.9,2400023.347,88948.38,2400026.292,164.0,HS_78,HS_79,0.0,0.0,0,0,0.5,Ì≈  DN1000X1000,51581.0,Ì≈,DN,1000X1000
Line,PS_HSL,37488960.9,2400023.347,37488993.52,2400016.932,88977.21,2400020.14,165.0,HS_79,HS_80,0.0,0.0,0,0,0.5,Ì≈  DN1000X1000,51582.0,Ì≈,DN,1000X1000
Line,PS_HSL,37488993.52,2400016.932,37489009.06,2400014.176,89001.29,2400015.554,166.0,HS_80,HS_81,0.0,0.0,0,0,0.5,Ì≈  DN1000X1000,51583.0,Ì≈,DN,1000X1000
Line,PS_HSL,37489009.06,2400014.176,37489022.39,2400012.671,89015.73,2400013.424,167.0,HS_81,HS_82,0.0,0.0,0,0,0.5,Ì≈  DN1000X1000,51584.0,Ì≈,DN,1000X1000
Line,PS_HSL,37489020.87,2400006.66,37489022.39,2400012.671,89021.63,2400009.666,168.0,HS_785,HS_82,0.0,0.0,0,0,0.5,Ì≈  DN400,51585.0,Ì≈,DN,400
Line,PS_HSL,37489022.39,2400012.671,37489034.82,2400011.43,89028.61,2400012.051,169.0,HS_82,HS_59,0.0,0.0,0,0,0.5,Ì≈  DN1000X1000,51586.0,Ì≈,DN,1000X1000
Line,PS_HSL,37490217.24,2399193.308,37490207.23,2399197.394,90212.23,2399195.351,170.0,HS_203,HS_5361,0.0,0.0,0,0,0.5,Ì≈  DN400,51587.0,Ì≈,DN,400
Line,PS_HSL,37489050.12,2399977.458,37489054.99,2399974.042,89052.56,2399975.75,171.0,HS_83,HS_786,0.0,7.45e-09,0,0,0.5,PVC  DN300,51588.0,PVC,DN,300
Line,PS_HSL,37489054.99,2399974.042,37489046.44,2400011.34,89050.71,2399992.691,172.0,HS_786,HS_386,7.45e-09,0.0,0,0,0.5,PVC  DN600,51589.0,PVC,DN,600
Line,PS_HSL,37489034.82,2400011.43,37489066.87,2400018.453,89050.85,2400014.942,173.0,HS_59,HS_387,0.0,0.0,0,0,0.5,PVC  DN1000,51590.0,PVC,DN,1000
Line,PS_HSL,37488345.09,2399615.727,37488377.47,2399726.024,88361.28,2399670.876,174.0,HS_62,HS_860,0.0,7.45e-09,0,0,0.5,Ì≈  DN400X300,51591.0,Ì≈,DN,400X300
Line,PS_HSL,37488345.57,2399552.476,37488345.09,2399615.727,88345.33,2399584.102,175.0,HS_63,HS_62,0.0,0.0,0,0,0.5,Ì≈  DN400X300,51592.0,Ì≈,DN,400X300
Line,PS_HSL,37488345.89,2399501.589,37488345.57,2399552.476,88345.73,2399527.033,176.0,HS_184,HS_63,0.0,0.0,0,0,0.5,Ì≈  DN400X300,51593.0,Ì≈,DN,400X300
Line,PS_HSL,37488352.69,2399495.938,37488347.34,2399498.609,88350.01,2399497.274,177.0,HS_186,HS_185,0.0,0.0,0,0,0.5,Ì≈  DN400X300,51594.0,Ì≈,DN,400X300
Line,PS_HSL,37488392.62,2399511.422,37488352.69,2399495.938,88372.65,2399503.68,178.0,HS_187,HS_186,0.0,0.0,0,0,0.5,Ì≈  DN400X300,51595.0,Ì≈,DN,400X300
Line,PS_HSL,37488596.71,2400264.91,37488605.19,2400249.594,88600.95,2400257.252,179.0,HS_91,HS_206,0.0,0.0,0,0,0.5,PVC  DN600,51596.0,PVC,DN,600
Line,PS_HSL,37489324.77,2399120.832,37489311.24,2399115.22,89318.01,2399118.026,180.0,HS_93,HS_92,0.0,0.0,0,0,0.5,Ì≈  DN400,51597.0,Ì≈,DN,400
Line,PS_HSL,37489341.74,2399127.466,37489324.77,2399120.832,89333.25,2399124.149,181.0,HS_190,HS_93,0.0,0.0,0,0,0.5,Ì≈  DN400,51598.0,Ì≈,DN,400
Line,PS_HSL,37489361.18,2399134.948,37489341.74,2399127.466,89351.46,2399131.207,182.0,HS_193,HS_190,0.0,0.0,0,0,0.5,Ì≈  DN400,51599.0,Ì≈,DN,400
Line,PS_HSL,37489378.02,2399141.555,37489361.18,2399134.948,89369.6,2399138.252,183.0,HS_196,HS_193,0.0,0.0,0,0,0.5,Ì≈  DN400,51600.0,Ì≈,DN,400
Line,PS_HSL,37489396.75,2399149.64,37489378.02,2399141.555,89387.39,2399145.598,184.0,HS_198,HS_196,0.0,0.0,0,0,0.5,Ì≈  DN400,51601.0,Ì≈,DN,400
Line,PS_HSL,37489405.65,2399152.77,37489396.75,2399149.64,89401.2,2399151.205,185.0,HS_94,HS_198,0.0,0.0,0,0,0.5,Ì≈  DN400,51602.0,Ì≈,DN,400
Line,PS_HSL,37489415.1,2399156.411,37489405.65,2399152.77,89410.38,2399154.591,186.0,HS_95,HS_94,0.0,0.0,0,0,0.5,Ì≈  DN400,51603.0,Ì≈,DN,400
Line,PS_HSL,37489435.04,2399160.341,37489415.1,2399156.411,89425.07,2399158.376,187.0,HS_97,HS_95,0.0,0.0,0,0,0.5,Ì≈  DN400,51604.0,Ì≈,DN,400
Line,PS_HSL,37489413.25,2399161.748,37489415.1,2399156.411,89414.17,2399159.08,188.0,HS_789,HS_95,7.45e-09,0.0,0,0,0.5,Ì≈  DN200,51605.0,Ì≈,DN,200
Line,PS_HSL,37489434.59,2399166.056,37489435.04,2399160.341,89434.81,2399163.199,189.0,HS_791,HS_97,7.45e-09,0.0,0,0,0.5,Ì≈  DN200,51606.0,Ì≈,DN,200
Line,PS_HSL,37489454.84,2399162.934,37489435.04,2399160.341,89444.94,2399161.638,190.0,HS_98,HS_97,0.0,0.0,0,0,0.5,Ì≈  DN400,51607.0,Ì≈,DN,400
Line,PS_HSL,37489475.59,2399166.415,37489454.84,2399162.934,89465.22,2399164.675,191.0,HS_99,HS_98,0.0,0.0,0,0,0.5,Ì≈  DN400,51608.0,Ì≈,DN,400
Line,PS_HSL,37489525.04,2399186.637,37489475.59,2399166.415,89500.32,2399176.526,192.0,HS_101,HS_99,0.0,0.0,0,0,0.5,Ì≈  DN400,51609.0,Ì≈,DN,400
Line,PS_HSL,37489522.44,2399191.344,37489525.04,2399186.637,89523.74,2399188.991,193.0,HS_103,HS_101,0.0,0.0,0,0,0.5,Ì≈  DN200,51610.0,Ì≈,DN,200
Line,PS_HSL,37489546.94,2399196.983,37489525.04,2399186.637,89535.99,2399191.81,194.0,HS_104,HS_101,0.0,0.0,0,0,0.5,Ì≈  DN400,51611.0,Ì≈,DN,400
Line,PS_HSL,37489776.31,2399167.843,37489829.72,2399161.342,89803.01,2399164.593,195.0,HS_317,HS_84,0.0,0.0,0,0,0.5,Ì≈  DN400,51612.0,Ì≈,DN,400
Line,PS_HSL,37489441.04,2398613.124,37489428.3,2398613.215,89434.67,2398613.17,196.0,HS_320,HS_319,0.0,0.0,0,0,0.5,Ì≈  DN400,51613.0,Ì≈,DN,400
Line,PS_HSL,37489465.27,2398612.465,37489441.04,2398613.124,89453.15,2398612.795,197.0,HS_321,HS_320,0.0,0.0,0,0,0.5,Ì≈  DN400,51614.0,Ì≈,DN,400
Line,PS_HSL,37489311.24,2399115.22,37489299.92,2399112.214,89305.58,2399113.717,198.0,HS_92,YS_13693,0.0,0.0,0,0,0.5,PVC  DN400,51615.0,PVC,DN,400
Line,PS_HSL,37489629.58,2398669.705,37489624.77,2398667.3,89627.18,2398668.503,199.0,HS_357,HS_354,0.0,0.0,0,0,0.5,Ì≈  DN200,51616.0,Ì≈,DN,200
Line,PS_HSL,37488377.47,2399726.024,37488384.71,2399727.497,88381.09,2399726.761,200.0,HS_860,HS_861,7.45e-09,0.0,0,0,0.5,Ì≈  DN400X300,51617.0,Ì≈,DN,400X300
Line,PS_HSL,37488384.71,2399727.497,37488459.75,2399695.85,88422.23,2399711.674,201.0,HS_861,HS_862,0.0,7.45e-09,0,0,0.5,Ì≈  DN400X300,51618.0,Ì≈,DN,400X300
Line,PS_HSL,37488459.75,2399695.85,37488483.91,2399698.1,88471.83,2399696.975,202.0,HS_862,HS_863,7.45e-09,0.0,0,0,0.5,Ì≈  DN400X300,51619.0,Ì≈,DN,400X300
Line,PS_HSL,37488483.91,2399698.1,37488554.05,2399737.86,88518.98,2399717.98,203.0,HS_863,HS_8956,0.0,0.0,0,0,0.5,Ì≈  DN400X300,51620.0,Ì≈,DN,400X300
Line,PS_HSL,37489807.26,2399268.017,37489792.91,2399263.101,89800.09,2399265.559,204.0,HS_293,HS_358,0.0,0.0,0,0,0.5,Ì≈  DN300,51621.0,Ì≈,DN,300
Line,PS_HSL,37489601.07,2399202.662,37489592.4,2399224.054,89596.73,2399213.358,205.0,HS_294,HS_162,0.0,0.0,0,0,0.5,Ì≈  DN400,51622.0,Ì≈,DN,400
Line,PS_HSL,37489617.04,2399166.557,37489640.57,2399167.318,89628.81,2399166.938,206.0,HS_846,HS_302,7.45e-09,0.0,0,0,0.5,Ì≈  DN400,51623.0,Ì≈,DN,400
Line,PS_HSL,37489640.57,2399167.318,37489655.62,2399149.709,89648.1,2399158.514,207.0,HS_302,HS_304,0.0,0.0,0,0,0.5,Ì≈  DN400,51624.0,Ì≈,DN,400
Line,PS_HSL,37489660.88,2399149.511,37489655.62,2399149.709,89658.25,2399149.61,208.0,HS_849,HS_304,0.0,0.0,0,0,0.5,Ì≈  DN300,51625.0,Ì≈,DN,300
Line,PS_HSL,37489656.39,2397223.541,37489650.89,2397225.768,89653.64,2397224.655,209.0,HS_893,HS_400,0.0,0.0,0,0,0.5,PVC  DN200,51626.0,PVC,DN,200
Line,PS_HSL,37489650.89,2397225.768,37489641.14,2397227.579,89646.02,2397226.674,210.0,HS_400,HS_224,0.0,0.0,0,0,0.5,Ì≈  DN200,51627.0,Ì≈,DN,200
Line,PS_HSL,37489650.14,2397191.121,37489641.31,2397190.132,89645.73,2397190.627,211.0,HS_401,HS_402,0.0,0.0,0,0,0.5,Ì≈  DN300,51628.0,Ì≈,DN,300
Line,PS_HSL,37489632.22,2397192.911,37489639.44,2397189.974,89635.83,2397191.443,212.0,HS_403,HS_683,0.0,0.0,0,0,0.5,PVC  DN300,51629.0,PVC,DN,300
Line,PS_HSL,37489667.34,2399172.547,37489707.56,2399170.591,89687.45,2399171.569,213.0,HS_308,HS_312,0.0,0.0,0,0,0.5,Ì≈  DN400,51630.0,Ì≈,DN,400
Line,PS_HSL,37489707.56,2399170.591,37489740.03,2399168.974,89723.8,2399169.783,214.0,HS_312,HS_313,0.0,0.0,0,0,0.5,Ì≈  DN400,51631.0,Ì≈,DN,400
Line,PS_HSL,37489740.03,2399168.974,37489776.31,2399167.843,89758.17,2399168.409,215.0,HS_313,HS_317,0.0,0.0,0,0,0.5,Ì≈  DN400,51632.0,Ì≈,DN,400
Line,PS_HSL,37490380.09,2399261.26,37490355.46,2399250.795,90367.77,2399256.028,216.0,HS_370,HS_371,0.0,0.0,0,0,0.5,PVC  DN600,51633.0,PVC,DN,600
Line,PS_HSL,37490355.46,2399250.795,37490339.59,2399238.022,90347.52,2399244.409,217.0,HS_371,HS_373,0.0,0.0,0,0,0.5,PVC  DN600,51634.0,PVC,DN,600
Line,PS_HSL,37490332.15,2399229.687,37490339.92,2399232.416,90336.03,2399231.052,218.0,HS_869,HS_372,0.0,0.0,0,0,0.5,PVC  DN150,51635.0,PVC,DN,150
Line,PS_HSL,37490339.92,2399232.416,37490339.59,2399238.022,90339.75,2399235.219,219.0,HS_372,HS_373,0.0,0.0,0,0,0.5,PVC  DN200,51636.0,PVC,DN,200
Line,PS_HSL,37490339.59,2399238.022,37490320.53,2399229.229,90330.06,2399233.626,220.0,HS_373,HS_374,0.0,0.0,0,0,0.5,PVC  DN600,51637.0,PVC,DN,600
Line,PS_HSL,37490320.53,2399229.229,37490308.46,2399226.3,90314.5,2399227.765,221.0,HS_374,HS_375,0.0,0.0,0,0,0.5,PVC  DN600,51638.0,PVC,DN,600
Line,PS_HSL,37490308.46,2399226.3,37490284.35,2399214.36,90296.41,2399220.33,222.0,HS_375,HS_377,0.0,0.0,0,0,0.5,PVC  DN600,51639.0,PVC,DN,600
Line,PS_HSL,37490284.35,2399214.36,37490265.25,2399200.062,90274.8,2399207.211,223.0,HS_377,HS_379,0.0,0.0,0,0,0.5,PVC  DN600,51640.0,PVC,DN,600
Line,PS_HSL,37490261.67,2399204.852,37490265.25,2399200.062,90263.46,2399202.457,224.0,HS_871,HS_379,7.45e-09,0.0,0,0,0.5,PVC  DN200,51641.0,PVC,DN,200
Line,PS_HSL,37490265.25,2399200.062,37490254.69,2399192.192,90259.97,2399196.127,225.0,HS_379,HS_380,0.0,0.0,0,0,0.5,PVC  DN600,51642.0,PVC,DN,600
Line,PS_HSL,37490254.69,2399192.192,37490241.9,2399185.585,90248.3,2399188.889,226.0,HS_380,HS_381,0.0,0.0,0,0,0.5,PVC  DN600,51643.0,PVC,DN,600
Line,PS_HSL,37490241.9,2399185.585,37490224.67,2399197.935,90233.28,2399191.76,227.0,HS_381,HS_382,0.0,0.0,0,0,0.5,PVC  DN600,51644.0,PVC,DN,600
Line,PS_HSL,37490224.67,2399197.935,37490217.24,2399193.308,90220.95,2399195.622,228.0,HS_382,HS_203,0.0,0.0,0,0,0.5,PVC  DN600,51645.0,PVC,DN,600
Line,PS_HSL,37490215.79,2399186.846,37490217.24,2399193.308,90216.51,2399190.077,229.0,HS_878,HS_203,7.45e-09,0.0,0,0,0.5,PVC  DN200,51646.0,PVC,DN,200
Line,PS_HSL,37490463.33,2399275.181,37490454.54,2399280.606,90458.93,2399277.894,230.0,HS_829,HS_366,7.45e-09,0.0,0,0,0.5,PVC  DN400,51647.0,PVC,DN,400
Line,PS_HSL,37489642.03,2397303.575,37489655.77,2397290.936,89648.9,2397297.256,231.0,HS_399,HS_216,0.0,0.0,0,0,0.5,Ì≈  DN300,51648.0,Ì≈,DN,300
Line,PS_HSL,37489655.77,2397290.936,37489658.6,2397274.597,89657.19,2397282.767,232.0,HS_216,HS_677,0.0,0.0,0,0,0.5,Ì≈  DN300,51649.0,Ì≈,DN,300
Line,PS_HSL,37489478.73,2396478.305,37489457.71,2396483.692,89468.22,2396480.999,233.0,HS_559,HS_218,0.0,0.0,0,0,0.5,Ì≈  DN600,51650.0,Ì≈,DN,600
Line,PS_HSL,37489526.94,2396482.104,37489510.15,2396480.889,89518.54,2396481.497,234.0,HS_711,HS_217,0.0,0.0,0,0,0.5,Ì≈  DN600,51651.0,Ì≈,DN,600
Line,PS_HSL,37489539.12,2396483.238,37489526.94,2396482.104,89533.03,2396482.671,235.0,HS_710,HS_711,0.0,0.0,0,0,0.5,Ì≈  DN600,51652.0,Ì≈,DN,600
Line,PS_HSL,37488961.21,2397162.621,37488956.03,2397162.748,88958.62,2397162.685,236.0,HS_502,HS_503,0.0,0.0,0,0,0.5,Ì≈  DN300,51653.0,Ì≈,DN,300
Line,PS_HSL,37489569.79,2396483.158,37489539.12,2396483.238,89554.46,2396483.198,237.0,HS_709,HS_710,0.0,0.0,0,0,0.5,Ì≈  DN600,51654.0,Ì≈,DN,600
Line,PS_HSL,37489644.35,2397082.392,37489649.95,2397083.037,89647.15,2397082.715,238.0,HS_885,HS_396,0.0,0.0,0,0,0.5,Ì≈  DN300,51655.0,Ì≈,DN,300
Line,PS_HSL,37489662.0,2397016.583,37489673.32,2397020.0,89667.66,2397018.292,239.0,HS_212,HS_680,0.0,0.0,0,0,0.5,Ì≈  DN300,51656.0,Ì≈,DN,300
Line,PS_HSL,37489664.48,2396991.598,37489632.34,2396987.845,89648.41,2396989.722,240.0,HS_213,HS_550,0.0,0.0,0,0,0.5,Ì≈  DN600,51657.0,Ì≈,DN,600
Line,PS_HSL,37489663.44,2396947.647,37489668.92,2396948.047,89666.18,2396947.847,241.0,HS_822,HS_679,0.0,0.0,0,0,0.5,Ì≈  DN300,51658.0,Ì≈,DN,300
Line,PS_HSL,37489661.42,2397016.591,37489662.52,2397004.93,89661.97,2397010.761,242.0,HS_1008,HS_1012,7.45e-09,0.0,0,0,0.5,PVC  DN300,51659.0,PVC,DN,300
Line,PS_HSL,37489662.52,2397004.93,37489664.48,2396991.598,89663.5,2396998.264,243.0,HS_1012,HS_213,0.0,0.0,0,0,0.5,PVC  DN300,51660.0,PVC,DN,300
Line,PS_HSL,37489657.15,2397051.205,37489661.42,2397016.591,89659.28,2397033.898,244.0,HS_686,HS_1008,0.0,7.45e-09,0,0,0.5,Ì≈  DN300,51661.0,Ì≈,DN,300
Line,PS_HSL,37489651.22,2397097.772,37489652.99,2397083.173,89652.1,2397090.473,245.0,HS_685,HS_821,0.0,0.0,0,0,0.5,Ì≈  DN300,51662.0,Ì≈,DN,300
Line,PS_HSL,37489694.88,2396726.781,37489694.02,2396736.572,89694.45,2396731.677,246.0,HS_393,HS_681,0.0,0.0,0,0,0.5,Ì≈  DN100X200,51663.0,Ì≈,DN,100X200
Line,PS_HSL,37489691.43,2396659.379,37489697.77,2396659.376,89694.6,2396659.378,247.0,HS_889,HS_398,0.0,0.0,0,0,0.5,Ì≈  DN300,51664.0,Ì≈,DN,300
Line,PS_HSL,37489676.18,2396570.451,37489665.51,2396543.495,89670.84,2396556.973,248.0,HS_430,HS_432,0.0,0.0,0,0,0.5,Ì≈  DN600,51665.0,Ì≈,DN,600
Line,PS_HSL,37489683.45,2396588.403,37489676.18,2396570.451,89679.81,2396579.427,249.0,HS_428,HS_430,0.0,0.0,0,0,0.5,Ì≈  DN600,51666.0,Ì≈,DN,600
Line,PS_HSL,37489696.08,2396642.877,37489687.89,2396606.65,89691.99,2396624.764,250.0,HS_424,HS_426,0.0,0.0,0,0,0.5,Ì≈  DN500,51667.0,Ì≈,DN,500
Line,PS_HSL,37489687.89,2396606.65,37489683.45,2396588.403,89685.67,2396597.527,251.0,HS_426,HS_428,0.0,0.0,0,0,0.5,Ì≈  DN600,51668.0,Ì≈,DN,600
Line,PS_HSL,37489697.77,2396659.376,37489696.08,2396642.877,89696.93,2396651.127,252.0,HS_398,HS_424,0.0,0.0,0,0,0.5,Ì≈  DN500,51669.0,Ì≈,DN,500
Line,PS_HSL,37489699.07,2396680.982,37489697.77,2396659.376,89698.42,2396670.179,253.0,HS_1013,HS_398,7.45e-09,0.0,0,0,0.5,Ì≈  DN500,51670.0,Ì≈,DN,500
Line,PS_HSL,37489693.86,2396744.596,37489694.61,2396739.142,89694.24,2396741.869,254.0,HS_693,HS_825,0.0,0.0,0,0,0.5,Ì≈  DN500,51671.0,Ì≈,DN,500
Line,PS_HSL,37489690.11,2396774.184,37489692.4,2396755.506,89691.26,2396764.845,255.0,HS_542,HS_881,0.0,7.45e-09,0,0,0.5,Ì≈  DN500,51672.0,Ì≈,DN,500
Line,PS_HSL,37489686.26,2396807.607,37489690.11,2396774.184,89688.18,2396790.896,256.0,HS_541,HS_542,0.0,0.0,0,0,0.5,Ì≈  DN500,51673.0,Ì≈,DN,500
Line,PS_HSL,37489680.18,2396829.348,37489682.83,2396834.507,89681.5,2396831.928,257.0,HS_1010,HS_268,7.45e-09,0.0,0,0,0.5,Ì≈  DN300,51674.0,Ì≈,DN,300
Line,PS_HSL,37489682.83,2396834.507,37489686.26,2396807.607,89684.54,2396821.057,258.0,HS_268,HS_541,0.0,0.0,0,0,0.5,Ì≈  DN500,51675.0,Ì≈,DN,500
Line,PS_HSL,37489679.18,2396864.206,37489682.83,2396834.507,89681.01,2396849.357,259.0,HS_540,HS_268,0.0,0.0,0,0,0.5,Ì≈  DN400,51676.0,Ì≈,DN,400
Line,PS_HSL,37489603.18,2396482.755,37489598.17,2396482.667,89600.67,2396482.711,260.0,HS_707,HS_891,0.0,7.45e-09,0,0,0.5,Ì≈  DN600,51677.0,Ì≈,DN,600
Line,PS_HSL,37489603.07,2396488.827,37489603.18,2396482.755,89603.13,2396485.791,261.0,HS_948,HS_707,0.0,0.0,0,0,0.5,Ì≈  DN300,51678.0,Ì≈,DN,300
Line,PS_HSL,37489624.1,2396484.473,37489603.18,2396482.755,89613.64,2396483.614,262.0,HS_705,HS_707,0.0,0.0,0,0,0.5,Ì≈  DN600,51679.0,Ì≈,DN,600
Line,PS_HSL,37489634.5,2396485.715,37489624.1,2396484.473,89629.3,2396485.094,263.0,HS_704,HS_705,0.0,0.0,0,0,0.5,Ì≈  DN600,51680.0,Ì≈,DN,600
Line,PS_HSL,37489648.89,2396518.494,37489634.5,2396485.715,89641.7,2396502.105,264.0,HS_434,HS_704,0.0,0.0,0,0,0.5,Ì≈  DN600,51681.0,Ì≈,DN,600
Line,PS_HSL,37489675.14,2396898.858,37489679.18,2396864.206,89677.16,2396881.532,265.0,HS_690,HS_540,0.0,0.0,0,0,0.5,Ì≈  DN400,51682.0,Ì≈,DN,400
Line,PS_HSL,37489671.01,2396931.439,37489675.14,2396898.858,89673.07,2396915.149,266.0,HS_689,HS_690,0.0,0.0,0,0,0.5,Ì≈  DN300,51683.0,Ì≈,DN,300
Line,PS_HSL,37489668.92,2396948.047,37489671.01,2396931.439,89669.96,2396939.743,267.0,HS_679,HS_689,0.0,0.0,0,0,0.5,Ì≈  DN300,51684.0,Ì≈,DN,300
Line,PS_HSL,37489666.2,2396967.192,37489668.92,2396948.047,89667.56,2396957.62,268.0,HS_687,HS_679,0.0,0.0,0,0,0.5,Ì≈  DN300,51685.0,Ì≈,DN,300
Line,PS_HSL,37489983.8,2398192.914,37490018.77,2398191.316,90001.28,2398192.115,269.0,HS_220,HS_662,0.0,0.0,0,0,0.5,Ì≈  DN800,51686.0,Ì≈,DN,800
Line,PS_HSL,37489645.77,2397145.772,37489654.44,2397148.031,89650.11,2397146.902,270.0,HS_405,HS_692,0.0,0.0,0,0,0.5,Ì≈  DN200X200,51687.0,Ì≈,DN,200X200
Line,PS_HSL,37489652.85,2397097.969,37489661.6,2397098.686,89657.22,2397098.328,271.0,HS_406,HS_691,0.0,0.0,0,0,0.5,Ì≈  DN200,51688.0,Ì≈,DN,200
Line,PS_HSL,37489660.09,2396998.015,37489664.48,2396991.598,89662.29,2396994.807,272.0,HS_106,HS_213,0.0,0.0,0,0,0.5,PVC  DN300,51689.0,PVC,DN,300
Line,PS_HSL,37489682.83,2396834.507,37489695.17,2396835.733,89689.0,2396835.12,273.0,HS_268,HS_545,0.0,0.0,0,0,0.5,PVC  DN200,51690.0,PVC,DN,200
Line,PS_HSL,37489687.95,2396807.669,37489697.9,2396809.049,89692.93,2396808.359,274.0,HS_107,HS_544,0.0,0.0,0,0,0.5,Ì≈  DN200,51691.0,Ì≈,DN,200
Line,PS_HSL,37489462.53,2396251.3,37489405.13,2396251.51,89433.83,2396251.405,275.0,YS_15444,HS_993,0.0,0.0,0,0,0.5,Ì≈  DN1500,51692.0,Ì≈,DN,1500
Line,PS_HSL,37489692.01,2396774.445,37489702.36,2396774.889,89697.19,2396774.667,276.0,HS_109,HS_543,0.0,0.0,0,0,0.5,Ì≈  DN200,51693.0,Ì≈,DN,200
Line,PS_HSL,37489687.14,2396900.054,37489676.94,2396898.901,89682.04,2396899.478,277.0,HS_113,HS_229,0.0,0.0,0,0,0.5,Ì≈  DN200,51694.0,Ì≈,DN,200
Line,PS_HSL,37489675.51,2396988.078,37489663.99,2396985.052,89669.75,2396986.565,278.0,HS_270,HS_954,0.0,0.0,0,0,0.5,Ì≈  DN200,51695.0,Ì≈,DN,200
Line,PS_HSL,37489667.4,2397052.311,37489658.63,2397051.388,89663.01,2397051.85,279.0,HS_121,HS_407,0.0,0.0,0,0,0.5,Ì≈  DN200,51696.0,Ì≈,DN,200
Line,PS_HSL,37489695.76,2396744.908,37489705.86,2396746.12,89700.81,2396745.514,280.0,HS_122,HS_562,0.0,0.0,0,0,0.5,Ì≈  DN200,51697.0,Ì≈,DN,200
Line,PS_HSL,37489699.02,2396718.911,37489708.93,2396720.106,89703.97,2396719.509,281.0,HS_124,HS_561,0.0,0.0,0,0,0.5,Ì≈  DN200,51698.0,Ì≈,DN,200
Line,PS_HSL,37489615.28,2396459.275,37489621.13,2396459.156,89618.2,2396459.216,282.0,HS_437,HS_706,0.0,0.0,0,0,0.5,Ì≈  DN300,51699.0,Ì≈,DN,300
Line,PS_HSL,37488953.74,2397088.416,37488953.84,2397075.395,88953.79,2397081.906,283.0,HS_514,HS_920,0.0,7.45e-09,0,0,0.5,Ì≈  DN400,51700.0,Ì≈,DN,400
Line,PS_HSL,37488961.12,2397075.486,37488956.03,2397075.477,88958.57,2397075.482,284.0,HS_515,HS_516,0.0,0.0,0,0,0.5,Ì≈  DN200,51701.0,Ì≈,DN,200
Line,PS_HSL,37488961.1,2397046.622,37488956.02,2397046.628,88958.56,2397046.625,285.0,HS_517,HS_518,0.0,0.0,0,0,0.5,Ì≈  DN300,51702.0,Ì≈,DN,300
Line,PS_HSL,37488953.84,2397075.395,37488953.91,2397046.776,88953.87,2397061.086,286.0,HS_920,HS_238,7.45e-09,0.0,0,0,0.5,Ì≈  DN400,51703.0,Ì≈,DN,400
Line,PS_HSL,37488961.12,2397032.695,37488955.99,2397032.396,88958.55,2397032.546,287.0,HS_519,HS_520,0.0,0.0,0,0,0.5,Ì≈  DN300,51704.0,Ì≈,DN,300
Line,PS_HSL,37488953.91,2397046.776,37488953.73,2397032.541,88953.82,2397039.659,288.0,HS_238,HS_834,0.0,7.45e-09,0,0,0.5,Ì≈  DN400,51705.0,Ì≈,DN,400
Line,PS_HSL,37488953.73,2397032.541,37488953.78,2397013.702,88953.76,2397023.122,289.0,HS_834,HS_241,7.45e-09,0.0,0,0,0.5,Ì≈  DN400,51706.0,Ì≈,DN,400
Line,PS_HSL,37488953.78,2397013.702,37488953.71,2397007.461,88953.74,2397010.582,290.0,HS_241,HS_894,0.0,0.0,0,0,0.5,Ì≈  DN400,51707.0,Ì≈,DN,400
Line,PS_HSL,37488961.73,2397007.319,37488953.71,2397007.461,88957.72,2397007.39,291.0,HS_242,HS_894,0.0,0.0,0,0,0.5,Ì≈  DN300,51708.0,Ì≈,DN,300
Line,PS_HSL,37488953.37,2396997.133,37488954.39,2396957.985,88953.88,2396977.559,292.0,HS_244,HS_246,0.0,0.0,0,0,0.5,Ì≈  DN400,51709.0,Ì≈,DN,400
Line,PS_HSL,37488954.39,2396957.985,37488954.26,2396926.169,88954.33,2396942.077,293.0,HS_246,HS_249,0.0,0.0,0,0,0.5,Ì≈  DN400,51710.0,Ì≈,DN,400
Line,PS_HSL,37488961.19,2396926.037,37488956.16,2396926.107,88958.67,2396926.072,294.0,HS_247,HS_248,0.0,0.0,0,0,0.5,Ì≈  DN300,51711.0,Ì≈,DN,300
Line,PS_HSL,37488954.26,2396926.169,37488954.48,2396899.238,88954.37,2396912.704,295.0,HS_249,HS_255,0.0,0.0,0,0,0.5,Ì≈  DN400,51712.0,Ì≈,DN,400
Line,PS_HSL,37488961.21,2396899.313,37488956.17,2396899.275,88958.69,2396899.294,296.0,HS_250,HS_251,0.0,0.0,0,0,0.5,Ì≈  DN300,51713.0,Ì≈,DN,300
Line,PS_HSL,37488954.48,2396899.238,37488953.94,2396863.43,88954.21,2396881.334,297.0,HS_255,HS_840,0.0,7.45e-09,0,0,0.5,Ì≈  DN400,51714.0,Ì≈,DN,400
Line,PS_HSL,37488961.34,2396835.311,37488956.23,2396835.339,88958.79,2396835.325,298.0,HS_256,HS_257,0.0,0.0,0,0,0.5,Ì≈  DN300,51715.0,Ì≈,DN,300
Line,PS_HSL,37488953.94,2396863.43,37488954.44,2396835.497,88954.19,2396849.464,299.0,HS_840,HS_258,7.45e-09,0.0,0,0,0.5,Ì≈  DN400,51716.0,Ì≈,DN,400
Line,PS_HSL,37488949.67,2396831.03,37488954.44,2396835.497,88952.06,2396833.264,300.0,HS_841,HS_258,0.0,0.0,0,0,0.5,Ì≈  DN300,51717.0,Ì≈,DN,300
Line,PS_HSL,37488954.44,2396835.497,37488953.59,2396818.378,88954.02,2396826.938,301.0,HS_258,HS_261,0.0,0.0,0,0,0.5,Ì≈  DN400,51718.0,Ì≈,DN,400
Line,PS_HSL,37488961.34,2396806.622,37488955.57,2396806.824,88958.45,2396806.723,302.0,HS_259,HS_264,0.0,0.0,0,0,0.5,Ì≈  DN300,51719.0,Ì≈,DN,300
Line,PS_HSL,37488948.93,2396799.104,37488954.55,2396791.478,88951.74,2396795.291,303.0,HS_842,HS_265,0.0,0.0,0,0,0.5,Ì≈  DN300,51720.0,Ì≈,DN,300
Line,PS_HSL,37488953.59,2396818.378,37488953.62,2396811.887,88953.61,2396815.133,304.0,HS_261,HS_262,0.0,0.0,0,0,0.5,Ì≈  DN400,51721.0,Ì≈,DN,400
Line,PS_HSL,37488953.62,2396811.887,37488954.54,2396806.758,88954.08,2396809.323,305.0,HS_262,HS_263,0.0,0.0,0,0,0.5,Ì≈  DN400,51722.0,Ì≈,DN,400
Line,PS_HSL,37488954.54,2396806.758,37488954.55,2396791.478,88954.54,2396799.118,306.0,HS_263,HS_265,0.0,0.0,0,0,0.5,Ì≈  DN400,51723.0,Ì≈,DN,400
Line,PS_HSL,37488954.55,2396791.478,37488954.35,2396780.059,88954.45,2396785.769,307.0,HS_265,HS_843,0.0,0.0,0,0,0.5,Ì≈  DN400,51724.0,Ì≈,DN,400
Line,PS_HSL,37488954.35,2396780.059,37488954.61,2396765.946,88954.48,2396773.003,308.0,HS_843,HS_127,0.0,0.0,0,0,0.5,Ì≈  DN400,51725.0,Ì≈,DN,400
Line,PS_HSL,37488961.32,2396779.965,37488955.23,2396779.609,88958.27,2396779.787,309.0,HS_266,HS_797,0.0,0.0,0,0,0.5,Ì≈  DN300,51726.0,Ì≈,DN,300
Line,PS_HSL,37488961.35,2396766.032,37488955.43,2396765.957,88958.39,2396765.995,310.0,HS_125,HS_798,0.0,0.0,0,0,0.5,Ì≈  DN300,51727.0,Ì≈,DN,300
Line,PS_HSL,37488954.61,2396765.946,37488954.26,2396739.269,88954.44,2396752.608,311.0,HS_127,HS_800,0.0,0.0,0,0,0.5,Ì≈  DN400,51728.0,Ì≈,DN,400
Line,PS_HSL,37488961.41,2396739.357,37488955.4,2396739.36,88958.41,2396739.359,312.0,HS_128,HS_799,0.0,0.0,0,0,0.5,Ì≈  DN300,51729.0,Ì≈,DN,300
Line,PS_HSL,37488954.26,2396739.269,37488954.23,2396722.611,88954.25,2396730.94,313.0,HS_800,HS_133,0.0,0.0,0,0,0.5,Ì≈  DN400,51730.0,Ì≈,DN,400
Line,PS_HSL,37488966.79,2396706.81,37488961.39,2396706.238,88964.09,2396706.524,314.0,HS_130,HS_131,0.0,0.0,0,0,0.5,Ì≈  DN300,51731.0,Ì≈,DN,300
Line,PS_HSL,37488964.52,2396998.481,37488999.87,2396998.686,88982.19,2396998.584,315.0,HS_896,HS_140,0.0,0.0,0,0,0.5,Ì≈  DN400,51732.0,Ì≈,DN,400
Line,PS_HSL,37488999.91,2397006.971,37488999.87,2396998.686,88999.89,2397002.829,316.0,HS_897,HS_140,0.0,0.0,0,0,0.5,Ì≈  DN400,51733.0,Ì≈,DN,400
Line,PS_HSL,37488999.87,2396998.686,37489049.83,2396998.514,89024.85,2396998.6,317.0,HS_140,HS_145,0.0,0.0,0,0,0.5,Ì≈  DN400,51734.0,Ì≈,DN,400
Line,PS_HSL,37489067.55,2397004.962,37489070.49,2396999.925,89069.02,2397002.444,318.0,HS_143,HS_144,0.0,0.0,0,0,0.5,Ì≈  DN300,51735.0,Ì≈,DN,300
Line,PS_HSL,37489049.83,2396998.514,37489070.45,2396998.777,89060.14,2396998.646,319.0,HS_145,HS_146,0.0,0.0,0,0,0.5,Ì≈  DN400,51736.0,Ì≈,DN,400
Line,PS_HSL,37489868.43,2398195.651,37489854.73,2398195.528,89861.58,2398195.59,320.0,HS_478,HS_699,0.0,0.0,0,0,0.5,Ì≈  DN800,51737.0,Ì≈,DN,800
Line,PS_HSL,37489838.49,2398195.497,37489854.73,2398195.528,89846.61,2398195.513,321.0,HS_480,HS_699,0.0,0.0,0,0,0.5,Ì≈  DN800,51738.0,Ì≈,DN,800
Line,PS_HSL,37489835.26,2398195.575,37489830.12,2398195.506,89832.69,2398195.541,322.0,HS_482,HS_484,0.0,0.0,0,0,0.5,Ì≈  DN800,51739.0,Ì≈,DN,800
Line,PS_HSL,37489830.12,2398195.506,37489808.75,2398195.589,89819.44,2398195.548,323.0,HS_484,HS_1014,0.0,0.0,0,0,0.5,Ì≈  DN500,51740.0,Ì≈,DN,500
Line,PS_HSL,37490009.06,2398218.807,37489982.81,2398212.639,89995.94,2398215.723,324.0,HS_486,HS_471,0.0,0.0,0,0,0.5,Ì≈  DN800,51741.0,Ì≈,DN,800
Line,PS_HSL,37490009.06,2398218.807,37490035.75,2398219.001,90022.41,2398218.904,325.0,HS_486,HS_664,0.0,0.0,0,0,0.5,Ì≈  DN800,51742.0,Ì≈,DN,800
Line,PS_HSL,37488953.87,2397162.532,37488953.86,2397156.846,88953.87,2397159.689,326.0,HS_911,HS_504,7.45e-09,0.0,0,0,0.5,Ì≈  DN400,51743.0,Ì≈,DN,400
Line,PS_HSL,37488962.47,2397157.671,37488953.86,2397156.846,88958.17,2397157.259,327.0,HS_912,HS_504,0.0,0.0,0,0,0.5,Ì≈  DN300,51744.0,Ì≈,DN,300
Line,PS_HSL,37488953.86,2397156.846,37488953.76,2397146.351,88953.81,2397151.599,328.0,HS_504,HS_914,0.0,7.45e-09,0,0,0.5,Ì≈  DN400,51745.0,Ì≈,DN,400
Line,PS_HSL,37489426.4,2398613.081,37489419.0,2398613.055,89422.7,2398613.068,329.0,HS_318,YS_13686,0.0,0.0,0,0,0.5,Ì≈  DN400,51746.0,Ì≈,DN,400
Line,PS_HSL,37488957.02,2397272.375,37488957.2,2397242.307,88957.11,2397257.341,330.0,HS_490,HS_493,0.0,0.0,0,0,0.5,Ì≈  DN400,51747.0,Ì≈,DN,400
Line,PS_HSL,37488957.2,2397242.307,37488957.2,2397223.367,88957.2,2397232.837,331.0,HS_493,HS_721,0.0,0.0,0,0,0.5,Ì≈  DN400,51748.0,Ì≈,DN,400
Line,PS_HSL,37488957.2,2397223.367,37488953.5,2397219.193,88955.35,2397221.28,332.0,HS_721,HS_495,0.0,0.0,0,0,0.5,Ì≈  DN400,51749.0,Ì≈,DN,400
Line,PS_HSL,37488953.5,2397219.193,37488953.58,2397208.468,88953.54,2397213.831,333.0,HS_495,HS_500,0.0,0.0,0,0,0.5,Ì≈  DN400,51750.0,Ì≈,DN,400
Line,PS_HSL,37488953.58,2397208.468,37488953.55,2397199.757,88953.57,2397204.113,334.0,HS_500,HS_501,0.0,0.0,0,0,0.5,Ì≈  DN400,51751.0,Ì≈,DN,400
Line,PS_HSL,37488953.55,2397199.757,37488953.87,2397162.532,88953.71,2397181.145,335.0,HS_501,HS_911,0.0,7.45e-09,0,0,0.5,Ì≈  DN400,51752.0,Ì≈,DN,400
Line,PS_HSL,37489510.15,2396480.889,37489478.73,2396478.305,89494.44,2396479.597,336.0,HS_217,HS_559,0.0,0.0,0,0,0.5,Ì≈  DN600,51753.0,Ì≈,DN,600
Line,PS_HSL,37488961.39,2396706.238,37488956.32,2396706.318,88958.85,2396706.278,337.0,HS_131,HS_132,0.0,0.0,0,0,0.5,Ì≈  DN300,51754.0,Ì≈,DN,300
Line,PS_HSL,37488954.23,2396722.611,37488953.85,2396706.527,88954.04,2396714.569,338.0,HS_133,HS_134,0.0,0.0,0,0,0.5,Ì≈  DN400,51755.0,Ì≈,DN,400
Line,PS_HSL,37488953.85,2396706.527,37488954.17,2396694.192,88954.01,2396700.36,339.0,HS_134,HS_135,0.0,0.0,0,0,0.5,Ì≈  DN400,51756.0,Ì≈,DN,400
Line,PS_HSL,37488954.17,2396694.192,37488955.1,2396674.117,88954.63,2396684.155,340.0,HS_135,HS_137,0.0,0.0,0,0,0.5,Ì≈  DN500,51757.0,Ì≈,DN,500
Line,PS_HSL,37488955.1,2396674.117,37488954.07,2396645.274,88954.59,2396659.696,341.0,HS_137,HS_803,0.0,0.0,0,0,0.5,Ì≈  DN500,51758.0,Ì≈,DN,500
Line,PS_HSL,37488954.07,2396645.274,37488954.55,2396616.789,88954.31,2396631.032,342.0,HS_803,HS_415,0.0,0.0,0,0,0.5,Ì≈  DN500,51759.0,Ì≈,DN,500
Line,PS_HSL,37488953.71,2397007.461,37488953.64,2396998.723,88953.67,2397003.092,343.0,HS_894,HS_411,0.0,0.0,0,0,0.5,Ì≈  DN400,51760.0,Ì≈,DN,400
Line,PS_HSL,37488953.64,2396998.723,37488961.48,2396998.639,88957.56,2396998.681,344.0,HS_411,HS_895,0.0,0.0,0,0,0.5,Ì≈  DN400,51761.0,Ì≈,DN,400
Line,PS_HSL,37488964.69,2397005.069,37488964.6,2396999.587,88964.65,2397002.328,345.0,HS_412,HS_413,0.0,0.0,0,0,0.5,Ì≈  DN300,51762.0,Ì≈,DN,300
Line,PS_HSL,37488954.55,2396616.789,37488954.26,2396605.123,88954.4,2396610.956,346.0,HS_415,HS_487,0.0,0.0,0,0,0.5,Ì≈  DN500,51763.0,Ì≈,DN,500
Line,PS_HSL,37489645.77,2397145.772,37489643.23,2397157.213,89644.5,2397151.493,347.0,HS_405,HS_684,0.0,0.0,0,0,0.5,Ì≈  DN300,51764.0,Ì≈,DN,300
Line,PS_HSL,37489211.21,2396492.953,37489197.14,2396477.561,89204.18,2396485.257,348.0,YS_15732,HS_997,0.0,0.0,0,0,0.5,Ì≈  DN1500X2500,51765.0,Ì≈,DN,1500X2500
Line,PS_HSL,37489632.34,2396987.845,37489596.55,2396982.609,89614.44,2396985.227,349.0,HS_550,HS_552,0.0,0.0,0,0,0.5,Ì≈  DN600,51766.0,Ì≈,DN,600
Line,PS_HSL,37489596.55,2396982.609,37489589.96,2396981.762,89593.25,2396982.186,350.0,HS_552,HS_554,0.0,0.0,0,0,0.5,Ì≈  DN600,51767.0,Ì≈,DN,600
Line,PS_HSL,37489597.29,2396987.816,37489596.55,2396982.609,89596.92,2396985.213,351.0,HS_553,HS_552,0.0,0.0,0,0,0.5,PVC  DN300,51768.0,PVC,DN,300
Line,PS_HSL,37489589.96,2396981.762,37489584.24,2396980.816,89587.1,2396981.289,352.0,HS_554,HS_522,0.0,0.0,0,0,0.5,Ì≈  DN600,51769.0,Ì≈,DN,600
Line,PS_HSL,37489594.09,2396970.074,37489592.13,2396977.172,89593.11,2396973.623,353.0,HS_956,HS_563,7.45e-09,0.0,0,0,0.5,PVC  DN400,51770.0,PVC,DN,400
Line,PS_HSL,37489592.13,2396977.172,37489589.96,2396981.762,89591.04,2396979.467,354.0,HS_563,HS_554,0.0,0.0,0,0,0.5,PVC  DN400,51771.0,PVC,DN,400
Line,PS_HSL,37489585.74,2396976.863,37489592.13,2396977.172,89588.94,2396977.018,355.0,HS_921,HS_563,7.45e-09,0.0,0,0,0.5,PVC  DN400,51772.0,PVC,DN,400
Line,PS_HSL,37489580.75,2396975.807,37489585.74,2396976.863,89583.24,2396976.335,356.0,HS_922,HS_921,0.0,7.45e-09,0,0,0.5,PVC  DN400,51773.0,PVC,DN,400
Line,PS_HSL,37489583.12,2396986.505,37489584.24,2396980.816,89583.68,2396983.661,357.0,HS_923,HS_522,0.0,0.0,0,0,0.5,PVC  DN300,51774.0,PVC,DN,300
Line,PS_HSL,37489584.24,2396980.816,37489572.02,2396979.588,89578.13,2396980.202,358.0,HS_522,HS_525,0.0,0.0,0,0,0.5,Ì≈  DN600,51775.0,Ì≈,DN,600
Line,PS_HSL,37489574.96,2396984.846,37489572.02,2396979.588,89573.49,2396982.217,359.0,HS_523,HS_525,0.0,0.0,0,0,0.5,PVC  DN300,51776.0,PVC,DN,300
Line,PS_HSL,37489572.02,2396979.588,37489541.79,2396975.802,89556.91,2396977.695,360.0,HS_525,HS_528,0.0,0.0,0,0,0.5,Ì≈  DN600,51777.0,Ì≈,DN,600
Line,PS_HSL,37489541.79,2396975.802,37489511.67,2396971.65,89526.73,2396973.726,361.0,HS_528,HS_566,0.0,0.0,0,0,0.5,Ì≈  DN600,51778.0,Ì≈,DN,600
Line,PS_HSL,37489511.67,2396971.65,37489475.81,2396966.997,89493.74,2396969.324,362.0,HS_566,HS_569,0.0,0.0,0,0,0.5,Ì≈  DN600,51779.0,Ì≈,DN,600
Line,PS_HSL,37489759.56,2398194.018,37489759.76,2398210.427,89759.66,2398202.223,363.0,HS_570,HS_609,0.0,0.0,0,0,0.5,Ì≈  DN300,51780.0,Ì≈,DN,300
Line,PS_HSL,37489784.37,2398193.926,37489784.72,2398210.418,89784.55,2398202.172,364.0,HS_571,HS_614,0.0,0.0,0,0,0.5,Ì≈  DN300,51781.0,Ì≈,DN,300
Line,PS_HSL,37489701.04,2398193.86,37489699.58,2398210.374,89700.31,2398202.117,365.0,HS_572,HS_604,0.0,0.0,0,0,0.5,Ì≈  DN300,51782.0,Ì≈,DN,300
Line,PS_HSL,37489679.38,2398193.912,37489678.5,2398210.359,89678.94,2398202.136,366.0,HS_573,HS_602,0.0,0.0,0,0,0.5,Ì≈  DN300,51783.0,Ì≈,DN,300
Line,PS_HSL,37489668.54,2398193.914,37489679.38,2398193.912,89673.96,2398193.913,367.0,HS_574,HS_573,0.0,0.0,0,0,0.5,PVC  DN100,51784.0,PVC,DN,100
Line,PS_HSL,37489647.5,2398193.891,37489647.48,2398210.367,89647.49,2398202.129,368.0,HS_575,HS_600,0.0,0.0,0,0,0.5,Ì≈  DN200,51785.0,Ì≈,DN,200
Line,PS_HSL,37489594.1,2398193.95,37489575.79,2398193.975,89584.95,2398193.963,369.0,HS_576,HS_577,0.0,0.0,0,0,0.5,PVC  DN100,51786.0,PVC,DN,100
Line,PS_HSL,37489575.79,2398193.975,37489574.35,2398210.411,89575.07,2398202.193,370.0,HS_577,HS_596,0.0,0.0,0,0,0.5,PVC  DN200,51787.0,PVC,DN,200
Line,PS_HSL,37489559.66,2398193.901,37489559.55,2398210.414,89559.6,2398202.158,371.0,HS_578,HS_592,0.0,0.0,0,0,0.5,PVC  DN200,51788.0,PVC,DN,200
Line,PS_HSL,37489529.67,2398193.969,37489529.6,2398210.373,89529.64,2398202.171,372.0,HS_579,HS_590,0.0,0.0,0,0,0.5,PVC  DN200,51789.0,PVC,DN,200
Line,PS_HSL,37489504.69,2398193.95,37489504.51,2398210.374,89504.6,2398202.162,373.0,HS_580,HS_587,0.0,0.0,0,0,0.5,PVC  DN200,51790.0,PVC,DN,200
Line,PS_HSL,37489444.67,2398193.881,37489443.82,2398210.335,89444.24,2398202.108,374.0,HS_960,HS_581,7.45e-09,0.0,0,0,0.5,PVC  DN200,51791.0,PVC,DN,200
Line,PS_HSL,37489443.91,2398213.209,37489468.65,2398213.16,89456.28,2398213.185,375.0,HS_582,HS_588,0.0,0.0,0,0,0.5,Ì≈  DN500,51792.0,Ì≈,DN,500
Line,PS_HSL,37489458.74,2398210.438,37489468.63,2398210.453,89463.68,2398210.446,376.0,HS_584,HS_585,0.0,0.0,0,0,0.5,PVC  DN200,51793.0,PVC,DN,200
Line,PS_HSL,37489426.26,2398230.659,37489425.85,2398218.781,89426.05,2398224.72,377.0,HS_36,HS_583,0.0,0.0,0,0,0.5,Ì≈  DN500,51794.0,Ì≈,DN,500
Line,PS_HSL,37489468.65,2398213.16,37489497.61,2398213.412,89483.13,2398213.286,378.0,HS_588,HS_589,0.0,0.0,0,0,0.5,Ì≈  DN500,51795.0,Ì≈,DN,500
Line,PS_HSL,37489497.88,2398188.337,37489497.54,2398210.534,89497.71,2398199.436,379.0,HS_962,HS_961,0.0,7.45e-09,0,0,0.5,PVC  DN200,51796.0,PVC,DN,200
Line,PS_HSL,37489529.01,2398213.338,37489559.53,2398213.174,89544.27,2398213.256,380.0,HS_964,HS_595,0.0,0.0,0,0,0.5,Ì≈  DN500,51797.0,Ì≈,DN,500
Line,PS_HSL,37489574.29,2398213.074,37489589.81,2398213.087,89582.05,2398213.081,381.0,HS_965,HS_966,0.0,7.45e-09,0,0,0.5,Ì≈  DN500,51798.0,Ì≈,DN,500
Line,PS_HSL,37489589.81,2398213.087,37489618.72,2398213.223,89604.27,2398213.155,382.0,HS_966,HS_601,7.45e-09,0.0,0,0,0.5,Ì≈  DN500,51799.0,Ì≈,DN,500
Line,PS_HSL,37489619.36,2398193.941,37489618.31,2398210.403,89618.83,2398202.172,383.0,HS_598,HS_599,0.0,0.0,0,0,0.5,Ì≈  DN200,51800.0,Ì≈,DN,200
Line,PS_HSL,37489618.72,2398213.223,37489647.48,2398213.206,89633.1,2398213.215,384.0,HS_601,HS_603,0.0,0.0,0,0,0.5,Ì≈  DN500,51801.0,Ì≈,DN,500
Line,PS_HSL,37489647.48,2398213.206,37489678.96,2398213.979,89663.22,2398213.593,385.0,HS_603,HS_969,0.0,7.45e-09,0,0,0.5,Ì≈  DN500,51802.0,Ì≈,DN,500
Line,PS_HSL,37489716.43,2398290.33,37489716.34,2398271.099,89716.38,2398280.715,386.0,HS_463,HS_464,0.0,0.0,0,0,0.5,Ì≈  DN500,51803.0,Ì≈,DN,500
Line,PS_HSL,37489716.34,2398271.099,37489716.8,2398252.98,89716.57,2398262.04,387.0,HS_464,HS_465,0.0,0.0,0,0,0.5,Ì≈  DN500,51804.0,Ì≈,DN,500
Line,PS_HSL,37489716.8,2398252.98,37489717.0,2398236.713,89716.9,2398244.847,388.0,HS_465,HS_466,0.0,0.0,0,0,0.5,Ì≈  DN500,51805.0,Ì≈,DN,500
Line,PS_HSL,37489717.0,2398236.713,37489717.43,2398214.389,89717.22,2398225.551,389.0,HS_466,HS_606,0.0,0.0,0,0,0.5,Ì≈  DN500,51806.0,Ì≈,DN,500
Line,PS_HSL,37489725.34,2397723.215,37489759.08,2397725.428,89742.21,2397724.322,390.0,YS_19945,HS_1019,7.45e-09,0.0,0,0,0.5,Ì≈  DN1000X1000,51807.0,Ì≈,DN,1000X1000
Line,PS_HSL,37489728.07,2399061.269,37489727.31,2399051.042,89727.69,2399056.156,391.0,HS_208,HS_777,0.0,7.45e-09,0,0,0.5,Ì≈  DN400,51808.0,Ì≈,DN,400
Line,PS_HSL,37489643.23,2397157.213,37489640.95,2397175.688,89642.09,2397166.451,392.0,HS_684,HS_678,0.0,0.0,0,0,0.5,Ì≈  DN300,51809.0,Ì≈,DN,300
Line,PS_HSL,37489640.95,2397175.688,37489639.44,2397189.974,89640.19,2397182.831,393.0,HS_678,HS_683,0.0,0.0,0,0,0.5,Ì≈  DN300,51810.0,Ì≈,DN,300
Line,PS_HSL,37489639.44,2397189.974,37489637.43,2397228.305,89638.43,2397209.14,394.0,HS_683,HS_682,0.0,0.0,0,0,0.5,Ì≈  DN300,51811.0,Ì≈,DN,300
Line,PS_HSL,37489598.17,2396482.667,37489569.79,2396483.158,89583.98,2396482.913,395.0,HS_891,HS_709,7.45e-09,0.0,0,0,0.5,Ì≈  DN600,51812.0,Ì≈,DN,600
Line,PS_HSL,37489692.4,2396755.506,37489693.86,2396744.596,89693.13,2396750.051,396.0,HS_881,HS_693,7.45e-09,0.0,0,0,0.5,Ì≈  DN500,51813.0,Ì≈,DN,500
Line,PS_HSL,37489671.23,2396894.765,37489675.14,2396898.858,89673.19,2396896.812,397.0,HS_817,HS_690,7.45e-09,0.0,0,0,0.5,Ì≈  DN300,51814.0,Ì≈,DN,300
Line,PS_HSL,37489678.96,2398213.979,37489700.01,2398213.749,89689.49,2398213.864,398.0,HS_969,HS_970,7.45e-09,0.0,0,0,0.5,Ì≈  DN500,51815.0,Ì≈,DN,500
Line,PS_HSL,37489700.01,2398213.749,37489711.55,2398213.247,89705.78,2398213.498,399.0,HS_970,HS_605,0.0,0.0,0,0,0.5,Ì≈  DN500,51816.0,Ì≈,DN,500
Line,PS_HSL,37489711.55,2398213.247,37489717.48,2398213.305,89714.52,2398213.276,400.0,HS_605,HS_607,0.0,0.0,0,0,0.5,Ì≈  DN500,51817.0,Ì≈,DN,500
Line,PS_HSL,37489712.21,2398224.323,37489711.55,2398213.247,89711.88,2398218.785,401.0,HS_971,HS_605,7.45e-09,0.0,0,0,0.5,Ì≈  DN200,51818.0,Ì≈,DN,200
Line,PS_HSL,37489712.23,2398184.785,37489711.55,2398213.247,89711.89,2398199.016,402.0,HS_972,HS_605,7.45e-09,0.0,0,0,0.5,Ì≈  DN200,51819.0,Ì≈,DN,200
Line,PS_HSL,37489717.48,2398213.305,37489730.48,2398213.38,89723.98,2398213.343,403.0,HS_607,HS_973,0.0,7.45e-09,0,0,0.5,Ì≈  DN500,51820.0,Ì≈,DN,500
Line,PS_HSL,37489730.48,2398213.38,37489759.12,2398212.992,89744.8,2398213.186,404.0,HS_973,HS_610,7.45e-09,0.0,0,0,0.5,Ì≈  DN500,51821.0,Ì≈,DN,500
Line,PS_HSL,37489759.12,2398212.992,37489784.76,2398213.108,89771.94,2398213.05,405.0,HS_610,HS_611,0.0,0.0,0,0,0.5,Ì≈  DN500,51822.0,Ì≈,DN,500
Line,PS_HSL,37489784.76,2398213.108,37489808.93,2398212.929,89796.84,2398213.019,406.0,HS_611,HS_613,0.0,0.0,0,0,0.5,Ì≈  DN600,51823.0,Ì≈,DN,600
Line,PS_HSL,37489808.93,2398212.929,37489838.7,2398212.701,89823.81,2398212.815,407.0,HS_613,HS_616,0.0,0.0,0,0,0.5,Ì≈  DN600,51824.0,Ì≈,DN,600
Line,PS_HSL,37489830.66,2398211.164,37489830.12,2398195.506,89830.39,2398203.335,408.0,HS_615,HS_484,0.0,0.0,0,0,0.5,Ì≈  DN400,51825.0,Ì≈,DN,400
Line,PS_HSL,37489836.82,2398220.901,37489830.66,2398211.164,89833.74,2398216.033,409.0,HS_975,HS_615,0.0,0.0,0,0,0.5,Ì≈  DN300,51826.0,Ì≈,DN,300
Line,PS_HSL,37489868.64,2398212.718,37489891.87,2398213.212,89880.25,2398212.965,410.0,HS_617,HS_619,0.0,0.0,0,0,0.5,Ì≈  DN800,51827.0,Ì≈,DN,800
Line,PS_HSL,37489838.7,2398212.701,37489868.64,2398212.718,89853.67,2398212.71,411.0,HS_616,HS_617,0.0,0.0,0,0,0.5,Ì≈  DN800,51828.0,Ì≈,DN,800
Line,PS_HSL,37489891.87,2398213.212,37489934.32,2398212.881,89913.1,2398213.047,412.0,HS_619,HS_621,0.0,0.0,0,0,0.5,Ì≈  DN800,51829.0,Ì≈,DN,800
Line,PS_HSL,37489934.32,2398212.881,37489958.91,2398212.616,89946.62,2398212.749,413.0,HS_621,HS_701,0.0,0.0,0,0,0.5,Ì≈  DN800,51830.0,Ì≈,DN,800
Line,PS_HSL,37489792.37,2397444.553,37489809.12,2397450.759,89800.74,2397447.656,414.0,HS_623,HS_979,0.0,0.0,0,0,0.5,Ì≈  DN400,51831.0,Ì≈,DN,400
Line,PS_HSL,37489796.11,2397433.48,37489792.89,2397442.827,89794.5,2397438.154,415.0,HS_977,HS_1015,0.0,7.45e-09,0,0,0.5,Ì≈  DN300,51832.0,Ì≈,DN,300
Line,PS_HSL,37489809.04,2397457.425,37489809.01,2397452.008,89809.03,2397454.717,416.0,HS_978,HS_626,0.0,0.0,0,0,0.5,Ì≈  DN300,51833.0,Ì≈,DN,300
Line,PS_HSL,37489825.02,2397443.302,37489822.4,2397452.897,89823.71,2397448.1,417.0,HS_627,HS_628,0.0,0.0,0,0,0.5,Ì≈  DN300,51834.0,Ì≈,DN,300
Line,PS_HSL,37489809.12,2397450.759,37489821.83,2397455.0,89815.48,2397452.88,418.0,HS_979,HS_629,0.0,0.0,0,0,0.5,Ì≈  DN400,51835.0,Ì≈,DN,400
Line,PS_HSL,37489821.83,2397455.0,37489844.81,2397469.509,89833.32,2397462.255,419.0,HS_629,HS_981,0.0,7.45e-09,0,0,0.5,Ì≈  DN500,51836.0,Ì≈,DN,500
Line,PS_HSL,37489854.09,2397463.215,37489846.06,2397468.73,89850.07,2397465.973,420.0,HS_980,HS_630,0.0,0.0,0,0,0.5,Ì≈  DN300,51837.0,Ì≈,DN,300
Line,PS_HSL,37489870.72,2397506.279,37489861.57,2397509.822,89866.14,2397508.051,421.0,HS_631,HS_632,0.0,0.0,0,0,0.5,Ì≈  DN300,51838.0,Ì≈,DN,300
Line,PS_HSL,37489844.81,2397469.509,37489859.89,2397510.429,89852.35,2397489.969,422.0,HS_981,HS_982,7.45e-09,7.45e-09,0,0,0.5,Ì≈  DN500,51839.0,Ì≈,DN,500
Line,PS_HSL,37489859.89,2397510.429,37489872.4,2397547.729,89866.14,2397529.079,423.0,HS_982,HS_984,7.45e-09,7.45e-09,0,0,0.5,Ì≈  DN500,51840.0,Ì≈,DN,500
Line,PS_HSL,37489883.61,2397543.832,37489874.47,2397547.167,89879.04,2397545.5,424.0,HS_633,HS_634,0.0,0.0,0,0,0.5,Ì≈  DN300,51841.0,Ì≈,DN,300
Line,PS_HSL,37489913.35,2397629.95,37489903.93,2397632.658,89908.64,2397631.304,425.0,HS_635,HS_636,0.0,0.0,0,0,0.5,Ì≈  DN300,51842.0,Ì≈,DN,300
Line,PS_HSL,37489918.74,2397627.992,37489913.35,2397629.95,89916.05,2397628.971,426.0,HS_983,HS_635,0.0,0.0,0,0,0.5,PVC  DN300,51843.0,PVC,DN,300
Line,PS_HSL,37489872.4,2397547.729,37489902.28,2397633.312,89887.34,2397590.521,427.0,HS_984,HS_985,7.45e-09,0.0,0,0,0.5,Ì≈  DN500,51844.0,Ì≈,DN,500
Line,PS_HSL,37489922.89,2397657.321,37489913.32,2397660.164,89918.1,2397658.743,428.0,HS_637,HS_638,0.0,0.0,0,0,0.5,Ì≈  DN300,51845.0,Ì≈,DN,300
Line,PS_HSL,37489902.28,2397633.312,37489911.67,2397660.531,89906.97,2397646.922,429.0,HS_985,HS_1016,0.0,7.45e-09,0,0,0.5,Ì≈  DN500,51846.0,Ì≈,DN,500
Line,PS_HSL,37489918.76,2397649.82,37489921.2,2397677.666,89919.98,2397663.743,430.0,HS_639,HS_640,0.0,0.0,0,0,0.5,Ì≈  DN1000,51847.0,Ì≈,DN,1000
Line,PS_HSL,37489918.76,2397649.82,37489944.2,2397639.938,89931.48,2397644.879,431.0,HS_639,HS_4928,0.0,0.0,0,0,0.5,Ì≈  DN1000,51848.0,Ì≈,DN,1000
Line,PS_HSL,37489930.42,2397681.342,37489922.13,2397683.8,89926.27,2397682.571,432.0,HS_642,HS_643,0.0,0.0,0,0,0.5,Ì≈  DN200,51849.0,Ì≈,DN,200
Line,PS_HSL,37489922.13,2397683.8,37489911.53,2397686.447,89916.83,2397685.124,433.0,HS_643,HS_987,0.0,0.0,0,0,0.5,Ì≈  DN300,51850.0,Ì≈,DN,300
Line,PS_HSL,37489917.09,2397696.043,37489925.88,2397701.25,89921.49,2397698.647,434.0,HS_644,HS_645,0.0,0.0,0,0,0.5,Ì≈  DN600,51851.0,Ì≈,DN,600
Line,PS_HSL,37489925.88,2397701.25,37489932.97,2397721.453,89929.43,2397711.352,435.0,HS_645,HS_647,0.0,0.0,0,0,0.5,Ì≈  DN500,51852.0,Ì≈,DN,500
Line,PS_HSL,37489911.53,2397686.447,37489911.67,2397660.531,89911.6,2397673.489,436.0,HS_987,HS_1016,0.0,7.45e-09,0,0,0.5,Ì≈  DN500,51853.0,Ì≈,DN,500
Line,PS_HSL,37489911.47,2397698.181,37489909.65,2397692.708,89910.56,2397695.445,437.0,HS_646,HS_957,0.0,0.0,0,0,0.5,Ì≈  DN200,51854.0,Ì≈,DN,200
Line,PS_HSL,37489932.97,2397721.453,37489938.42,2397737.391,89935.69,2397729.422,438.0,HS_647,HS_1018,0.0,7.45e-09,0,0,0.5,Ì≈  DN500,51855.0,Ì≈,DN,500
Line,PS_HSL,37489932.97,2397721.453,37489943.17,2397717.811,89938.07,2397719.632,439.0,HS_647,HS_1017,0.0,7.45e-09,0,0,0.5,Ì≈  DN200,51856.0,Ì≈,DN,200
Line,PS_HSL,37489948.5,2397733.515,37489940.48,2397736.658,89944.49,2397735.087,440.0,HS_648,HS_649,0.0,0.0,0,0,0.5,Ì≈  DN300,51857.0,Ì≈,DN,300
Line,PS_HSL,37489960.76,2397767.262,37489951.19,2397770.317,89955.97,2397768.79,441.0,HS_650,HS_651,0.0,0.0,0,0,0.5,Ì≈  DN300,51858.0,Ì≈,DN,300
Line,PS_HSL,37489949.8,2397770.785,37489938.42,2397737.391,89944.11,2397754.088,442.0,HS_988,HS_1018,7.45e-09,7.45e-09,0,0,0.5,Ì≈  DN800,51859.0,Ì≈,DN,800
Line,PS_HSL,37489983.86,2397835.332,37489974.31,2397838.67,89979.09,2397837.001,443.0,HS_989,HS_654,7.45e-09,0.0,0,0,0.5,Ì≈  DN300,51860.0,Ì≈,DN,300
Line,PS_HSL,37489973.27,2397838.977,37489949.8,2397770.785,89961.53,2397804.881,444.0,HS_898,HS_988,0.0,7.45e-09,0,0,0.5,Ì≈  DN800,51861.0,Ì≈,DN,800
Line,PS_HSL,37490007.92,2397903.567,37489998.98,2397906.455,90003.45,2397905.011,445.0,HS_417,HS_418,0.0,0.0,0,0,0.5,Ì≈  DN300,51862.0,Ì≈,DN,300
Line,PS_HSL,37489997.15,2397907.286,37489973.27,2397838.977,89985.21,2397873.132,446.0,HS_899,HS_898,0.0,0.0,0,0,0.5,Ì≈  DN800,51863.0,Ì≈,DN,800
Line,PS_HSL,37490027.45,2397959.777,37490017.98,2397962.224,90022.72,2397961.001,447.0,HS_419,HS_420,0.0,0.0,0,0,0.5,Ì≈  DN300,51864.0,Ì≈,DN,300
Line,PS_HSL,37490016.78,2397962.758,37489997.15,2397907.286,90006.96,2397935.022,448.0,HS_900,HS_899,7.45e-09,0.0,0,0,0.5,Ì≈  DN800,51865.0,Ì≈,DN,800
Line,PS_HSL,37490038.92,2398001.621,37490029.22,2398002.775,90034.07,2398002.198,449.0,HS_421,HS_148,0.0,0.0,0,0,0.5,Ì≈  DN300,51866.0,Ì≈,DN,300
Line,PS_HSL,37490027.31,2398003.078,37490016.78,2397962.758,90022.04,2397982.918,450.0,HS_805,HS_900,7.45e-09,7.45e-09,0,0,0.5,Ì≈  DN800,51867.0,Ì≈,DN,800
Line,PS_HSL,37490041.77,2398040.932,37490032.31,2398041.134,90037.04,2398041.033,451.0,HS_149,HS_150,0.0,0.0,0,0,0.5,Ì≈  DN300,51868.0,Ì≈,DN,300
Line,PS_HSL,37490030.36,2398041.239,37490027.31,2398003.078,90028.84,2398022.159,452.0,HS_806,HS_805,7.45e-09,7.45e-09,0,0,0.5,Ì≈  DN800,51869.0,Ì≈,DN,800
Line,PS_HSL,37490041.84,2398095.699,37490032.3,2398095.749,90037.07,2398095.724,453.0,HS_151,HS_152,0.0,0.0,0,0,0.5,Ì≈  DN300,51870.0,Ì≈,DN,300
Line,PS_HSL,37489285.65,2396215.732,37489283.67,2396208.333,89284.66,2396212.033,454.0,HS_943,HS_944,0.0,0.0,0,0,0.5,Ì≈  DN1500X2500,51871.0,Ì≈,DN,1500X2500
Line,PS_HSL,37489283.67,2396208.333,37489284.45,2396199.534,89284.06,2396203.934,455.0,HS_944,HS_1006,0.0,0.0,0,0,0.5,Ì≈  DN1500X2500,51872.0,Ì≈,DN,1500X2500
Line,PS_HSL,37489722.08,2397706.784,37489730.5,2397707.39,89726.29,2397707.087,456.0,HS_1003,YS_19412,7.45e-09,0.0,0,0,0.5,Ì≈  DN1000X2500,51873.0,Ì≈,DN,1000X2500
Line,PS_HSL,37489958.91,2398212.616,37489982.81,2398212.639,89970.86,2398212.628,457.0,HS_701,HS_471,0.0,0.0,0,0,0.5,Ì≈  DN800,51874.0,Ì≈,DN,800
Line,PS_HSL,37489918.82,2397749.95,37489938.42,2397737.391,89928.62,2397743.671,458.0,WS_5026,WS_1018,0.0,7.45e-09,0,0,0.5,Ì≈  DN1000,51875.0,Ì≈,DN,1000
Line,PS_HSL,37489885.36,2397699.002,37489911.47,2397698.181,89898.42,2397698.592,459.0,HS_714,HS_646,0.0,0.0,0,0,0.5,Ì≈  DN1000X3000,51876.0,Ì≈,DN,1000X3000
Line,PS_HSL,37489449.51,2396963.323,37489475.81,2396966.997,89462.66,2396965.16,460.0,HS_222,HS_569,0.0,0.0,0,0,0.5,Ì≈  DN600,51877.0,Ì≈,DN,600
Line,PS_HSL,37490027.76,2398095.848,37490030.36,2398041.239,90029.06,2398068.544,461.0,HS_521,HS_806,0.0,7.45e-09,0,0,0.5,Ì≈  DN800,51878.0,Ì≈,DN,800
Line,PS_HSL,37490041.85,2398147.183,37490032.02,2398147.834,90036.94,2398147.509,462.0,HS_655,HS_656,0.0,0.0,0,0,0.5,Ì≈  DN200,51879.0,Ì≈,DN,200
Line,PS_HSL,37490027.83,2398147.21,37490027.76,2398095.848,90027.79,2398121.529,463.0,HS_990,HS_521,7.45e-09,0.0,0,0,0.5,Ì≈  DN800,51880.0,Ì≈,DN,800
Line,PS_HSL,37490041.03,2398167.624,37490032.53,2398167.462,90036.78,2398167.543,464.0,HS_659,HS_660,0.0,0.0,0,0,0.5,Ì≈  DN300,51881.0,Ì≈,DN,300
Line,PS_HSL,37490027.77,2398167.551,37490027.83,2398147.21,90027.8,2398157.381,465.0,HS_991,HS_990,7.45e-09,7.45e-09,0,0,0.5,Ì≈  DN800,51882.0,Ì≈,DN,800
Line,PS_HSL,37490027.51,2398184.048,37490027.77,2398167.551,90027.64,2398175.8,466.0,HS_661,HS_991,0.0,7.45e-09,0,0,0.5,Ì≈  DN800,51883.0,Ì≈,DN,800
Line,PS_HSL,37490018.77,2398191.316,37490027.71,2398191.354,90023.24,2398191.335,467.0,HS_662,HS_992,0.0,0.0,0,0,0.5,Ì≈  DN800,51884.0,Ì≈,DN,800
Line,PS_HSL,37490027.71,2398191.354,37490027.51,2398184.048,90027.61,2398187.701,468.0,HS_992,HS_661,0.0,0.0,0,0,0.5,Ì≈  DN800,51885.0,Ì≈,DN,800
Line,PS_HSL,37490069.04,2398214.687,37490068.9,2398189.891,90068.97,2398202.289,469.0,HS_665,HS_557,0.0,0.0,0,0,0.5,Ì≈  DN300,51886.0,Ì≈,DN,300
Line,PS_HSL,37490068.09,2398218.797,37490035.75,2398219.001,90051.92,2398218.899,470.0,HS_666,HS_664,0.0,0.0,0,0,0.5,Ì≈  DN1000,51887.0,Ì≈,DN,1000
Line,PS_HSL,37490068.09,2398218.797,37490123.49,2398218.313,90095.79,2398218.555,471.0,HS_666,HS_556,0.0,0.0,0,0,0.5,Ì≈  DN1000,51888.0,Ì≈,DN,1000
Line,PS_HSL,37489404.49,2396249.141,37489405.29,2396228.497,89404.89,2396238.819,472.0,HS_924,HS_925,0.0,7.45e-09,0,0,0.5,Ì≈  DN1200X1700,51889.0,Ì≈,DN,1200X1700
Line,PS_HSL,37489405.29,2396228.497,37489412.43,2396194.707,89408.86,2396211.602,473.0,HS_925,HS_529,7.45e-09,0.0,0,0,0.5,Ì≈  DN1200X1700,51890.0,Ì≈,DN,1200X1700
Line,PS_HSL,37489412.43,2396194.707,37489412.55,2396181.488,89412.49,2396188.098,474.0,HS_529,HS_926,0.0,7.45e-09,0,0,0.5,Ì≈  DN1200X1700,51891.0,Ì≈,DN,1200X1700
Line,PS_HSL,37489407.71,2396174.653,37489378.97,2396169.077,89393.34,2396171.865,475.0,HS_530,HS_531,0.0,0.0,0,0,0.5,Ì≈  DN1200X1700,51892.0,Ì≈,DN,1200X1700
Line,PS_HSL,37489372.53,2396171.847,37489367.85,2396176.555,89370.19,2396174.201,476.0,HS_995,HS_668,0.0,0.0,0,0,0.5,Ì≈  DN1200X1700,51893.0,Ì≈,DN,1200X1700
Line,PS_HSL,37489367.85,2396176.555,37489300.53,2396195.293,89334.19,2396185.924,477.0,HS_668,HS_669,0.0,0.0,0,0,0.5,Ì≈  DN1200X1700,51894.0,Ì≈,DN,1200X1700
Line,PS_HSL,37489360.33,2396167.469,37489367.85,2396176.555,89364.09,2396172.012,478.0,HS_996,HS_668,7.45e-09,0.0,0,0,0.5,PVC  DN300,51895.0,PVC,DN,300
Line,PS_HSL,37489300.53,2396195.293,37489284.45,2396199.534,89292.49,2396197.414,479.0,HS_669,HS_1006,0.0,0.0,0,0,0.5,Ì≈  DN1000,51896.0,Ì≈,DN,1000
Line,PS_HSL,37489284.32,2396198.797,37489258.68,2396098.506,89271.5,2396148.652,480.0,HS_670,HS_671,0.0,0.0,0,0,0.5,Ì≈  DN1000,51897.0,Ì≈,DN,1000
Line,PS_HSL,37489195.86,2396471.873,37489198.07,2396465.179,89196.97,2396468.526,481.0,HS_999,HS_1000,0.0,0.0,0,0,0.5,Ì≈  DN1500X2500,51898.0,Ì≈,DN,1500X2500
Line,PS_HSL,37489198.07,2396465.179,37489201.83,2396455.071,89199.95,2396460.125,482.0,HS_1000,HS_931,0.0,0.0,0,0,0.5,Ì≈  DN1500X2500,51899.0,Ì≈,DN,1500X2500
Line,PS_HSL,37489201.83,2396455.071,37489204.87,2396436.923,89203.35,2396445.997,483.0,HS_931,HS_532,0.0,0.0,0,0,0.5,Ì≈  DN1500X2500,51900.0,Ì≈,DN,1500X2500
Line,PS_HSL,37489204.87,2396436.923,37489209.94,2396419.286,89207.41,2396428.105,484.0,HS_532,HS_932,0.0,0.0,0,0,0.5,Ì≈  DN1500X2500,51901.0,Ì≈,DN,1500X2500
Line,PS_HSL,37489209.94,2396419.286,37489215.01,2396411.135,89212.47,2396415.211,485.0,HS_932,HS_533,0.0,0.0,0,0,0.5,Ì≈  DN1500X2500,51902.0,Ì≈,DN,1500X2500
Line,PS_HSL,37489215.01,2396411.135,37489219.8,2396401.859,89217.4,2396406.497,486.0,HS_533,HS_933,0.0,0.0,0,0,0.5,Ì≈  DN1500X2500,51903.0,Ì≈,DN,1500X2500
Line,PS_HSL,37489219.8,2396401.859,37489220.22,2396371.884,89220.01,2396386.872,487.0,HS_933,HS_534,0.0,0.0,0,0,0.5,Ì≈  DN1500X2500,51904.0,Ì≈,DN,1500X2500
Line,PS_HSL,37489220.22,2396371.884,37489223.19,2396364.712,89221.71,2396368.298,488.0,HS_534,HS_934,0.0,0.0,0,0,0.5,Ì≈  DN1500X2500,51905.0,Ì≈,DN,1500X2500
Line,PS_HSL,37489223.19,2396364.712,37489231.48,2396356.455,89227.34,2396360.584,489.0,HS_934,HS_935,0.0,7.45e-09,0,0,0.5,Ì≈  DN1500X2500,51906.0,Ì≈,DN,1500X2500
Line,PS_HSL,37489231.48,2396356.455,37489245.07,2396338.993,89238.28,2396347.724,490.0,HS_935,HS_535,7.45e-09,0.0,0,0,0.5,Ì≈  DN1500X2500,51907.0,Ì≈,DN,1500X2500
Line,PS_HSL,37489245.07,2396338.993,37489250.94,2396326.395,89248.01,2396332.694,491.0,HS_535,HS_936,0.0,0.0,0,0,0.5,Ì≈  DN1500X2500,51908.0,Ì≈,DN,1500X2500
Line,PS_HSL,37489250.94,2396326.395,37489258.06,2396305.216,89254.5,2396315.806,492.0,HS_936,HS_1001,0.0,0.0,0,0,0.5,Ì≈  DN1500X2500,51909.0,Ì≈,DN,1500X2500
Line,PS_HSL,37489258.06,2396305.216,37489258.39,2396293.366,89258.22,2396299.291,493.0,HS_1001,HS_1002,0.0,0.0,0,0,0.5,Ì≈  DN1500X2500,51910.0,Ì≈,DN,1500X2500
Line,PS_HSL,37489258.39,2396293.366,37489255.1,2396279.685,89256.75,2396286.526,494.0,HS_1002,HS_672,0.0,0.0,0,0,0.5,Ì≈  DN1500X2500,51911.0,Ì≈,DN,1500X2500
Line,PS_HSL,37489255.1,2396279.685,37489258.29,2396255.871,89256.7,2396267.778,495.0,HS_672,HS_938,0.0,0.0,0,0,0.5,Ì≈  DN1500X2500,51912.0,Ì≈,DN,1500X2500
Line,PS_HSL,37489258.29,2396255.871,37489262.99,2396244.398,89260.64,2396250.135,496.0,HS_938,HS_939,0.0,7.45e-09,0,0,0.5,Ì≈  DN1500X2500,51913.0,Ì≈,DN,1500X2500
Line,PS_HSL,37489262.99,2396244.398,37489267.41,2396239.608,89265.2,2396242.003,497.0,HS_939,HS_537,7.45e-09,0.0,0,0,0.5,Ì≈  DN1500X2500,51914.0,Ì≈,DN,1500X2500
Line,PS_HSL,37489267.41,2396239.608,37489281.64,2396232.72,89274.52,2396236.164,498.0,HS_537,HS_940,0.0,0.0,0,0,0.5,Ì≈  DN1500X2500,51915.0,Ì≈,DN,1500X2500
Line,PS_HSL,37489281.64,2396232.72,37489285.9,2396229.086,89283.77,2396230.903,499.0,HS_940,HS_941,0.0,0.0,0,0,0.5,Ì≈  DN1500X2500,51916.0,Ì≈,DN,1500X2500
Line,PS_HSL,37489287.75,2396224.667,37489285.65,2396215.732,89286.7,2396220.2,500.0,HS_942,HS_943,7.45e-09,0.0,0,0,0.5,Ì≈  DN1500X2500,51917.0,Ì≈,DN,1500X2500
Line,PS_HSL,37489761.17,2397724.989,37489766.35,2397715.514,89763.76,2397720.252,501.0,YS_15742,HS_904,0.0,0.0,0,0,0.5,Ì≈  DN1000X3000,51918.0,Ì≈,DN,1000X3000
Line,PS_HSL,37489768.17,2397713.93,37489818.35,2397706.162,89793.26,2397710.046,502.0,HS_676,HS_536,0.0,0.0,0,0,0.5,Ì≈  DN1000X3000,51919.0,Ì≈,DN,1000X3000
Line,PS_HSL,37489818.35,2397706.162,37489862.31,2397701.179,89840.33,2397703.671,503.0,HS_536,HS_937,0.0,0.0,0,0,0.5,Ì≈  DN1000X3000,51920.0,Ì≈,DN,1000X3000
Line,PS_HSL,37489862.31,2397701.179,37489885.36,2397699.002,89873.83,2397700.091,504.0,HS_937,HS_714,0.0,0.0,0,0,0.5,Ì≈  DN1000X3000,51921.0,Ì≈,DN,1000X3000
Line,PS_HSL,37489730.5,2397707.39,37489765.88,2397713.268,89748.19,2397710.329,505.0,YS_19412,HS_1005,0.0,0.0,0,0,0.5,Ì≈  DN1000X2500,51922.0,Ì≈,DN,1000X2500
Line,PS_HSL,37489721.53,2398294.165,37489716.43,2398290.33,89718.98,2398292.248,506.0,HS_449,HS_463,0.0,0.0,0,0,0.5,Ì≈  DN200,51923.0,Ì≈,DN,200
Line,PS_HSL,37489721.66,2398284.202,37489716.43,2398290.33,89719.04,2398287.266,507.0,HS_450,HS_463,0.0,0.0,0,0,0.5,Ì≈  DN200,51924.0,Ì≈,DN,200
Line,PS_HSL,37489721.78,2398274.328,37489716.34,2398271.099,89719.06,2398272.714,508.0,HS_451,HS_464,0.0,0.0,0,0,0.5,Ì≈  DN200,51925.0,Ì≈,DN,200
Line,PS_HSL,37489721.88,2398264.236,37489716.34,2398271.099,89719.11,2398267.668,509.0,HS_452,HS_464,0.0,0.0,0,0,0.5,Ì≈  DN200,51926.0,Ì≈,DN,200
Line,PS_HSL,37489722.1,2398254.279,37489716.8,2398252.98,89719.45,2398253.63,510.0,HS_453,HS_465,0.0,0.0,0,0,0.5,Ì≈  DN200,51927.0,Ì≈,DN,200
Line,PS_HSL,37489722.14,2398244.244,37489716.8,2398252.98,89719.47,2398248.612,511.0,HS_454,HS_465,0.0,0.0,0,0,0.5,Ì≈  DN200,51928.0,Ì≈,DN,200
Line,PS_HSL,37489712.25,2398244.626,37489716.8,2398252.98,89714.52,2398248.803,512.0,HS_455,HS_465,0.0,0.0,0,0,0.5,Ì≈  DN200,51929.0,Ì≈,DN,200
Line,PS_HSL,37489712.29,2398315.439,37489716.32,2398309.457,89714.3,2398312.448,513.0,HS_456,HS_462,0.0,0.0,0,0,0.5,Ì≈  DN200,51930.0,Ì≈,DN,200
Line,PS_HSL,37489712.12,2398294.114,37489716.43,2398290.33,89714.27,2398292.222,514.0,HS_457,HS_463,0.0,0.0,0,0,0.5,Ì≈  DN200,51931.0,Ì≈,DN,200
Line,PS_HSL,37489712.22,2398283.98,37489716.43,2398290.33,89714.32,2398287.155,515.0,HS_458,HS_463,0.0,0.0,0,0,0.5,Ì≈  DN200,51932.0,Ì≈,DN,200
Line,PS_HSL,37489712.21,2398274.216,37489716.34,2398271.099,89714.27,2398272.658,516.0,HS_459,HS_464,0.0,0.0,0,0,0.5,Ì≈  DN200,51933.0,Ì≈,DN,200
Line,PS_HSL,37489712.1,2398264.249,37489716.34,2398271.099,89714.22,2398267.674,517.0,HS_460,HS_464,0.0,0.0,0,0,0.5,Ì≈  DN200,51934.0,Ì≈,DN,200
Line,PS_HSL,37489716.32,2398309.457,37489716.43,2398290.33,89716.37,2398299.894,518.0,HS_462,HS_463,0.0,0.0,0,0,0.5,Ì≈  DN500,51935.0,Ì≈,DN,500
Line,PS_HSL,37489671.53,2396903.012,37489675.14,2396898.858,89673.34,2396900.935,519.0,HS_209,HS_690,0.0,0.0,0,0,0.5,Ì≈  DN300,51936.0,Ì≈,DN,300
Line,PS_HSL,37489666.2,2396967.192,37489661.68,2396984.341,89663.94,2396975.767,520.0,HS_687,HS_214,0.0,0.0,0,0,0.5,Ì≈  DN300,51937.0,Ì≈,DN,300
Line,PS_HSL,37489652.99,2397083.173,37489657.15,2397051.205,89655.07,2397067.189,521.0,HS_821,HS_686,0.0,0.0,0,0,0.5,Ì≈  DN300,51938.0,Ì≈,DN,300
Line,PS_HSL,37488840.49,2399937.708,37488862.02,2399949.17,88851.25,2399943.439,522.0,HS_207,HS_715,0.0,0.0,0,0,0.5,Ì≈  DN600,51939.0,Ì≈,DN,600
Line,PS_HSL,37488862.02,2399949.17,37488885.79,2399960.064,88873.9,2399954.617,523.0,HS_715,HS_716,0.0,0.0,0,0,0.5,Ì≈  DN600,51940.0,Ì≈,DN,600
Line,PS_HSL,37488885.79,2399960.064,37488911.8,2399964.493,88898.8,2399962.279,524.0,HS_716,HS_391,0.0,0.0,0,0,0.5,Ì≈  DN600,51941.0,Ì≈,DN,600
Line,PS_HSL,37489731.46,2399073.841,37489728.07,2399061.269,89729.76,2399067.555,525.0,HS_52,HS_208,0.0,0.0,0,0,0.5,Ì≈  DN400,51942.0,Ì≈,DN,400
Line,PS_HSL,37489694.61,2396739.142,37489696.97,2396718.489,89695.79,2396728.816,526.0,HS_825,HS_694,0.0,0.0,0,0,0.5,Ì≈  DN500,51943.0,Ì≈,DN,500
Line,PS_HSL,37489691.86,2396718.336,37489696.97,2396718.489,89694.42,2396718.413,527.0,HS_886,HS_694,7.45e-09,0.0,0,0,0.5,Ì≈  DN300,51944.0,Ì≈,DN,300
Line,PS_HSL,37489693.12,2396714.932,37489696.97,2396718.489,89695.04,2396716.711,528.0,HS_826,HS_694,0.0,0.0,0,0,0.5,Ì≈  DN300,51945.0,Ì≈,DN,300
Line,PS_HSL,37489696.97,2396718.489,37489699.07,2396680.982,89698.02,2396699.736,529.0,HS_694,HS_1013,0.0,7.45e-09,0,0,0.5,Ì≈  DN500,51946.0,Ì≈,DN,500
Line,PS_HSL,37489911.53,2397686.447,37489911.47,2397698.181,89911.5,2397692.314,530.0,HS_987,HS_646,0.0,0.0,0,0,0.5,Ì≈  DN500,51947.0,Ì≈,DN,500
Line,PS_HSL,37489911.47,2397698.181,37489917.09,2397696.043,89914.28,2397697.112,531.0,HS_646,HS_644,0.0,0.0,0,0,0.5,Ì≈  DN1000X3000,51948.0,Ì≈,DN,1000X3000
Line,PS_HSL,37489917.09,2397696.043,37489921.2,2397677.666,89919.14,2397686.855,532.0,HS_644,HS_640,0.0,0.0,0,0,0.5,Ì≈  DN1000,51949.0,Ì≈,DN,1000
Line,PS_HSL,37489798.71,2397426.295,37489796.11,2397433.48,89797.41,2397429.888,533.0,HS_1020,HS_977,0.0,0.0,0,0,0.5,Ì≈  DN300,51950.0,Ì≈,DN,300
Line,PS_HSL,37489632.69,2397195.847,37489639.44,2397189.974,89636.06,2397192.911,534.0,HS_395,HS_683,0.0,0.0,0,0,0.5,Ì≈  DN300,51951.0,Ì≈,DN,300
Line,PS_HSL,37489375.8,2399146.153,37489378.02,2399141.555,89376.91,2399143.854,535.0,HS_737,HS_196,0.0,0.0,0,0,0.5,Ì≈  DN300,51952.0,Ì≈,DN,300
Line,PS_HSL,37489704.78,2399227.424,37489701.79,2399241.931,89703.29,2399234.678,536.0,HS_37,HS_286,0.0,0.0,0,0,0.5,Ì≈  DN300,51953.0,Ì≈,DN,300
Line,PS_HSL,37488824.39,2399940.684,37488840.49,2399937.708,88832.44,2399939.196,537.0,HS_7,HS_207,0.0,0.0,0,0,0.5,PVC  DN600,51954.0,PVC,DN,600
Line,PS_HSL,37488911.8,2399964.493,37488944.07,2399963.286,88927.94,2399963.89,538.0,HS_391,HS_390,0.0,0.0,0,0,0.5,Ì≈  DN600,51955.0,Ì≈,DN,600
Line,PS_HSL,37488944.07,2399963.286,37488974.39,2399962.498,88959.23,2399962.892,539.0,HS_390,HS_389,0.0,0.0,0,0,0.5,Ì≈  DN600,51956.0,Ì≈,DN,600
Line,PS_HSL,37488974.39,2399962.498,37489004.68,2399959.964,88989.53,2399961.231,540.0,HS_389,HS_388,0.0,0.0,0,0,0.5,Ì≈  DN600,51957.0,Ì≈,DN,600
Line,PS_HSL,37489004.68,2399959.964,37489045.08,2399960.314,89024.88,2399960.139,541.0,HS_388,HS_182,0.0,0.0,0,0,0.5,Ì≈  DN600,51958.0,Ì≈,DN,600
Line,PS_HSL,37489045.08,2399960.314,37489051.76,2399967.74,89048.42,2399964.027,542.0,HS_182,HS_6,0.0,0.0,0,0,0.5,Ì≈  DN600,51959.0,Ì≈,DN,600
Line,PS_HSL,37489637.43,2397228.305,37489658.6,2397274.597,89648.01,2397251.451,543.0,HS_682,HS_677,0.0,0.0,0,0,0.5,Ì≈  DN300,51960.0,Ì≈,DN,300
Line,PS_HSL,37489645.06,2396494.297,37489654.73,2396517.125,89649.9,2396505.711,544.0,HS_1011,HS_697,7.45e-09,0.0,0,0,0.5,Ì≈  DN600,51961.0,Ì≈,DN,600
Line,PS_HSL,37489654.73,2396517.125,37489648.89,2396518.494,89651.81,2396517.81,545.0,HS_697,HS_434,0.0,0.0,0,0,0.5,Ì≈  DN600,51962.0,Ì≈,DN,600
Line,PS_HSL,37489665.51,2396543.495,37489654.73,2396517.125,89660.12,2396530.31,546.0,HS_432,HS_697,0.0,0.0,0,0,0.5,Ì≈  DN600,51963.0,Ì≈,DN,600
Line,PS_HSL,37489663.99,2396985.052,37489664.48,2396991.598,89664.24,2396988.325,547.0,HS_954,HS_213,0.0,0.0,0,0,0.5,PVC  DN300,51964.0,PVC,DN,300
Line,PS_HSL,37489425.85,2398218.781,37489443.91,2398213.209,89434.88,2398215.995,548.0,HS_583,HS_582,0.0,0.0,0,0,0.5,Ì≈  DN500,51965.0,Ì≈,DN,500
Line,PS_HSL,37489449.51,2396963.323,37489441.99,2396961.215,89445.75,2396962.269,549.0,HS_222,YS_15269,0.0,0.0,0,0,0.5,Ì≈  DN600,51966.0,Ì≈,DN,600
Line,PS_HSL,37491649.13,2398346.753,37491632.85,2398338.736,91640.99,2398342.745,550.0,HS_722,HS_1025,0.0,0.0,0,0,0.5,Ì≈  DN400,51967.0,Ì≈,DN,400
Line,PS_HSL,37491642.6,2398350.93,37491639.69,2398346.824,91641.14,2398348.877,551.0,HS_723,HS_724,0.0,0.0,0,0,0.5,Ì≈  DN600,51968.0,Ì≈,DN,600
Line,PS_HSL,37491639.69,2398346.824,37491632.85,2398338.736,91636.27,2398342.78,552.0,HS_724,HS_1025,0.0,0.0,0,0,0.5,Ì≈  DN800,51969.0,Ì≈,DN,800
Line,PS_HSL,37491632.85,2398338.736,37491606.3,2398339.083,91619.57,2398338.91,553.0,HS_1025,HS_1026,0.0,0.0,0,0,0.5,Ì≈  DN800,51970.0,Ì≈,DN,800
Line,PS_HSL,37491561.63,2398338.904,37491606.3,2398339.083,91583.96,2398338.994,554.0,HS_725,HS_1026,0.0,0.0,0,0,0.5,Ì≈  DN800,51971.0,Ì≈,DN,800
Line,PS_HSL,37491606.3,2398339.083,37491605.28,2398286.5,91605.79,2398312.792,555.0,HS_1026,HS_726,0.0,0.0,0,0,0.5,Ì≈  DN800,51972.0,Ì≈,DN,800
Line,PS_HSL,37491605.28,2398286.5,37491606.3,2398243.4,91605.79,2398264.95,556.0,HS_726,HS_727,0.0,0.0,0,0,0.5,Ì≈  DN800,51973.0,Ì≈,DN,800
Line,PS_HSL,37491601.24,2398243.427,37491606.3,2398243.4,91603.77,2398243.414,557.0,HS_728,HS_727,0.0,0.0,0,0,0.5,Ì≈  DN400,51974.0,Ì≈,DN,400
Line,PS_HSL,37491606.3,2398243.4,37491606.03,2398229.344,91606.17,2398236.372,558.0,HS_727,HS_729,0.0,0.0,0,0,0.5,Ì≈  DN800,51975.0,Ì≈,DN,800
Line,PS_HSL,37491600.4,2398229.658,37491606.03,2398229.344,91603.22,2398229.501,559.0,HS_1029,HS_729,0.0,0.0,0,0,0.5,PVC  DN150,51976.0,PVC,DN,150
Line,PS_HSL,37491606.03,2398229.344,37491605.86,2398223.211,91605.94,2398226.278,560.0,HS_729,YS_16921,0.0,0.0,0,0,0.5,Ì≈  DN800,51977.0,Ì≈,DN,800
