Entity,Layer,Color,Elevation,RefName,Style,Text,ORIG_FID,geometry,x_coordinate,y_coordinate
Text,PS_HSLtext,2,0,Ì≈  DN400,CDShxStyle,Ì≈  DN400,51418,"c(37489596.4803926, 2399263.02844232)",37489596.4803926,2399263.02844232
Text,PS_HSLtext,2,0,Ì≈  DN200,CDShxStyle,Ì≈  DN200,51419,"c(37489603.8900662, 2399264.16016775)",37489603.8900662,2399264.16016775
Text,PS_HSLtext,2,0,Ì≈  DN400,CDShxStyle,Ì≈  DN400,51420,"c(37489620.433776, 2399278.90621558)",37489620.433776,2399278.90621558
Text,PS_HSLtext,2,0,Ì≈  DN400,CDShxStyle,Ì≈  DN400,51421,"c(37489608.3206168, 2399270.82856234)",37489608.3206168,2399270.82856234
Text,PS_HSLtext,2,0,Ì≈  DN400,CDShxStyle,Ì≈  DN400,51422,"c(37489636.1888793, 2399295.79149988)",37489636.1888793,2399295.79149988
Text,PS_HSLtext,2,0,Ì≈  DN400,CDShxStyle,Ì≈  DN400,51423,"c(37489607.0392515, 2399263.3568545)",37489607.0392515,2399263.3568545
Text,PS_HSLtext,2,0,Ì≈  DN300,CDShxStyle,Ì≈  DN300,51424,"c(37489638.1263079, 2399255.84402997)",37489638.1263079,2399255.84402997
Text,PS_HSLtext,2,0,Ì≈  DN400,CDShxStyle,Ì≈  DN400,51425,"c(37489664.5951751, 2399246.83901012)",37489664.5951751,2399246.83901012
Text,PS_HSLtext,2,0,Ì≈  DN400,CDShxStyle,Ì≈  DN400,51426,"c(37489728.2007485, 2399085.03452072)",37489728.2007485,2399085.03452072
Text,PS_HSLtext,2,0,Ì≈  DN200,CDShxStyle,Ì≈  DN200,51427,"c(37494000.2875191, 2396301.12246414)",37494000.2875191,2396301.12246414
Text,PS_HSLtext,2,0,PVC  DN200,CDShxStyle,PVC  DN200,51428,"c(37494000.5895957, 2396301.35919715)",37494000.5895957,2396301.35919715
Text,PS_HSLtext,2,0,Ì≈  DN500,CDShxStyle,Ì≈  DN500,51429,"c(37494016.0915063, 2396305.32752713)",37494016.0915063,2396305.32752713
Text,PS_HSLtext,2,0,Ì≈  DN500,CDShxStyle,Ì≈  DN500,51430,"c(37494035.8425698, 2396315.32009665)",37494035.8425698,2396315.32009665
Text,PS_HSLtext,2,0,Ì≈  DN500,CDShxStyle,Ì≈  DN500,51431,"c(37494045.7473247, 2396319.85244832)",37494045.7473247,2396319.85244832
Text,PS_HSLtext,2,0,PVC  DN150,CDShxStyle,PVC  DN150,51432,"c(37493970.7250936, 2396278.44839615)",37493970.7250936,2396278.44839615
Text,PS_HSLtext,2,0,PVC  DN150,CDShxStyle,PVC  DN150,51433,"c(37493970.4997435, 2396278.35582626)",37493970.4997435,2396278.35582626
Text,PS_HSLtext,2,0,PVC  DN200,CDShxStyle,PVC  DN200,51434,"c(37493967.8192224, 2396287.3190646)",37493967.8192224,2396287.3190646
Text,PS_HSLtext,2,0,Ì≈  DN500,CDShxStyle,Ì≈  DN500,51435,"c(37494066.1774381, 2396329.49770208)",37494066.1774381,2396329.49770208
Text,PS_HSLtext,2,0,Ì≈  DN500,CDShxStyle,Ì≈  DN500,51436,"c(37494078.2462978, 2396335.25571883)",37494078.2462978,2396335.25571883
Text,PS_HSLtext,2,0,Ì≈  DN500,CDShxStyle,Ì≈  DN500,51437,"c(37493952.5983847, 2396278.52247445)",37493952.5983847,2396278.52247445
Text,PS_HSLtext,2,0,Ì≈  DN500,CDShxStyle,Ì≈  DN500,51438,"c(37493985.3553702, 2396290.16654919)",37493985.3553702,2396290.16654919
Text,PS_HSLtext,2,0,Ì≈  DN500,CDShxStyle,Ì≈  DN500,51439,"c(37494054.12723, 2396323.60207649)",37494054.12723,2396323.60207649
Text,PS_HSLtext,2,0,PVC  DN150,CDShxStyle,PVC  DN150,51440,"c(37494060.4378892, 2396317.39398081)",37494060.4378892,2396317.39398081
Text,PS_HSLtext,2,0,Ì≈  DN500,CDShxStyle,Ì≈  DN500,51441,"c(37494092.5199662, 2396341.69276093)",37494092.5199662,2396341.69276093
Text,PS_HSLtext,2,0,Ì≈  DN500,CDShxStyle,Ì≈  DN500,51442,"c(37494113.1403259, 2396351.069379)",37494113.1403259,2396351.069379
Text,PS_HSLtext,2,0,Ì≈  DN400,CDShxStyle,Ì≈  DN400,51443,"c(37494137.3227484, 2396361.94456898)",37494137.3227484,2396361.94456898
Text,PS_HSLtext,2,0,Ì≈  DN400,CDShxStyle,Ì≈  DN400,51444,"c(37494154.263492, 2396369.43168037)",37494154.263492,2396369.43168037
Text,PS_HSLtext,2,0,PVC  DN150,CDShxStyle,PVC  DN150,51445,"c(37494155.3247936, 2396374.63154574)",37494155.3247936,2396374.63154574
Text,PS_HSLtext,2,0,PVC  DN150,CDShxStyle,PVC  DN150,51446,"c(37494150.2978319, 2396373.26852011)",37494150.2978319,2396373.26852011
Text,PS_HSLtext,2,0,PVC  DN100,CDShxStyle,PVC  DN100,51447,"c(37494147.6098582, 2396372.29753856)",37494147.6098582,2396372.29753856
Text,PS_HSLtext,2,0,Ì≈  DN400,CDShxStyle,Ì≈  DN400,51448,"c(37494148.9253034, 2396372.6344969)",37494148.9253034,2396372.6344969
Text,PS_HSLtext,2,0,Ì≈  DN500,CDShxStyle,Ì≈  DN500,51449,"c(37493914.7209111, 2396273.59245865)",37493914.7209111,2396273.59245865
Text,PS_HSLtext,2,0,Ì≈  DN500,CDShxStyle,Ì≈  DN500,51450,"c(37493866.924425, 2396272.18258884)",37493866.924425,2396272.18258884
Text,PS_HSLtext,2,0,Ì≈  DN500,CDShxStyle,Ì≈  DN500,51451,"c(37493816.8397841, 2396269.54405487)",37493816.8397841,2396269.54405487
Text,PS_HSLtext,2,0,Ì≈  DN500,CDShxStyle,Ì≈  DN500,51452,"c(37493772.8191506, 2396254.55278302)",37493772.8191506,2396254.55278302
Text,PS_HSLtext,2,0,Ì≈  DN500,CDShxStyle,Ì≈  DN500,51453,"c(37493741.3443913, 2396240.73101483)",37493741.3443913,2396240.73101483
Text,PS_HSLtext,2,0,Ì≈  DN600,CDShxStyle,Ì≈  DN600,51454,"c(37493378.3795506, 2393751.67856102)",37493378.3795506,2393751.67856102
Text,PS_HSLtext,2,0,Ì≈  DN600,CDShxStyle,Ì≈  DN600,51455,"c(37489450.3178731, 2396483.89677349)",37489450.3178731,2396483.89677349
Text,PS_HSLtext,2,0,Ì≈  DN1000,CDShxStyle,Ì≈  DN1000,51456,"c(37489259.7831392, 2396093.35937523)",37489259.7831392,2396093.35937523
Text,PS_HSLtext,2,0,Ì≈  DN500,CDShxStyle,Ì≈  DN500,51457,"c(37489426.2320015, 2398303.39574048)",37489426.2320015,2398303.39574048
Text,PS_HSLtext,2,0,Ì≈  DN400,CDShxStyle,Ì≈  DN400,51458,"c(37489426.4160295, 2398331.53293187)",37489426.4160295,2398331.53293187
Text,PS_HSLtext,2,0,Ì≈  DN400,CDShxStyle,Ì≈  DN400,51459,"c(37489426.6190172, 2398351.78814517)",37489426.6190172,2398351.78814517
Text,PS_HSLtext,2,0,Ì≈  DN200,CDShxStyle,Ì≈  DN200,51460,"c(37489707.207337, 2399226.13223941)",37489707.207337,2399226.13223941
Text,PS_HSLtext,2,0,Ì≈  DN400,CDShxStyle,Ì≈  DN400,51461,"c(37489679.5095234, 2399138.66145181)",37489679.5095234,2399138.66145181
Text,PS_HSLtext,2,0,Ì≈  DN400,CDShxStyle,Ì≈  DN400,51462,"c(37489700.8291211, 2399121.89481425)",37489700.8291211,2399121.89481425
Text,PS_HSLtext,2,0,Ì≈  DN400,CDShxStyle,Ì≈  DN400,51463,"c(37489720.2525751, 2399106.08768235)",37489720.2525751,2399106.08768235
Text,PS_HSLtext,2,0,Ì≈  DN400,CDShxStyle,Ì≈  DN400,51464,"c(37489725.9187912, 2399100.33750787)",37489725.9187912,2399100.33750787
Text,PS_HSLtext,2,0,Ì≈  DN400,CDShxStyle,Ì≈  DN400,51465,"c(37489726.2965086, 2399094.898085)",37489726.2965086,2399094.898085
Text,PS_HSLtext,2,0,Ì≈  DN400,CDShxStyle,Ì≈  DN400,51466,"c(37489553.4541996, 2399202.24036046)",37489553.4541996,2399202.24036046
Text,PS_HSLtext,2,0,Ì≈  DN200,CDShxStyle,Ì≈  DN200,51467,"c(37489546.1127152, 2399199.66047081)",37489546.1127152,2399199.66047081
Text,PS_HSLtext,2,0,Ì≈  DN200,CDShxStyle,Ì≈  DN200,51468,"c(37489557.8050398, 2399210.63860152)",37489557.8050398,2399210.63860152
Text,PS_HSLtext,2,0,Ì≈  DN400,CDShxStyle,Ì≈  DN400,51469,"c(37489566.8935418, 2399222.18108492)",37489566.8935418,2399222.18108492
Text,PS_HSLtext,2,0,Ì≈  DN400,CDShxStyle,Ì≈  DN400,51470,"c(37489573.3745084, 2399232.49853432)",37489573.3745084,2399232.49853432
Text,PS_HSLtext,2,0,Ì≈  DN400,CDShxStyle,Ì≈  DN400,51471,"c(37489582.6315921, 2399247.45902138)",37489582.6315921,2399247.45902138
Text,PS_HSLtext,2,0,Ì≈  DN400,CDShxStyle,Ì≈  DN400,51472,"c(37489583.8598757, 2399229.83659322)",37489583.8598757,2399229.83659322
Text,PS_HSLtext,2,0,Ì≈  DN600,CDShxStyle,Ì≈  DN600,51473,"c(37489053.0273986, 2399970.81482)",37489053.0273986,2399970.81482
Text,PS_HSLtext,2,0,Ì≈  DN600,CDShxStyle,Ì≈  DN600,51474,"c(37488815.1934638, 2399944.03391384)",37488815.1934638,2399944.03391384
Text,PS_HSLtext,2,0,PVC  DN600,CDShxStyle,PVC  DN600,51475,"c(37488823.530509, 2399943.4784999)",37488823.530509,2399943.4784999
Text,PS_HSLtext,2,0,Ì≈  DN600,CDShxStyle,Ì≈  DN600,51476,"c(37488803.6724437, 2399948.81486804)",37488803.6724437,2399948.81486804
Text,PS_HSLtext,2,0,PVC  DN600,CDShxStyle,PVC  DN600,51477,"c(37488812.3355184, 2399962.50562756)",37488812.3355184,2399962.50562756
Text,PS_HSLtext,2,0,PVC  DN600,CDShxStyle,PVC  DN600,51478,"c(37488788.6664924, 2399998.69419268)",37488788.6664924,2399998.69419268
Text,PS_HSLtext,2,0,PVC  DN600,CDShxStyle,PVC  DN600,51479,"c(37488763.5116388, 2400035.12163156)",37488763.5116388,2400035.12163156
Text,PS_HSLtext,2,0,Ì≈  DN400,CDShxStyle,Ì≈  DN400,51480,"c(37489479.5841002, 2398611.99650121)",37489479.5841002,2398611.99650121
Text,PS_HSLtext,2,0,Ì≈  DN400,CDShxStyle,Ì≈  DN400,51481,"c(37489508.814819, 2398611.94800719)",37489508.814819,2398611.94800719
Text,PS_HSLtext,2,0,Ì≈  DN400,CDShxStyle,Ì≈  DN400,51482,"c(37489538.8764644, 2398611.82150236)",37489538.8764644,2398611.82150236
Text,PS_HSLtext,2,0,Ì≈  DN300,CDShxStyle,Ì≈  DN300,51483,"c(37489560.8808978, 2398624.41553167)",37489560.8808978,2398624.41553167
Text,PS_HSLtext,2,0,Ì≈  DN200,CDShxStyle,Ì≈  DN200,51484,"c(37489560.029778, 2398620.9839644)",37489560.029778,2398620.9839644
Text,PS_HSLtext,2,0,Ì≈  DN300,CDShxStyle,Ì≈  DN300,51485,"c(37489560.4617512, 2398634.46477171)",37489560.4617512,2398634.46477171
Text,PS_HSLtext,2,0,Ì≈  DN300,CDShxStyle,Ì≈  DN300,51486,"c(37489560.3889871, 2398647.17190361)",37489560.3889871,2398647.17190361
Text,PS_HSLtext,2,0,Ì≈  DN200,CDShxStyle,Ì≈  DN200,51487,"c(37489560.200969, 2398640.76276106)",37489560.200969,2398640.76276106
Text,PS_HSLtext,2,0,Ì≈  DN400,CDShxStyle,Ì≈  DN400,51488,"c(37489571.8925386, 2398611.68700606)",37489571.8925386,2398611.68700606
Text,PS_HSLtext,2,0,Ì≈  DN400,CDShxStyle,Ì≈  DN400,51489,"c(37489607.1859695, 2398611.6850061)",37489607.1859695,2398611.6850061
Text,PS_HSLtext,2,0,Ì≈  DN300,CDShxStyle,Ì≈  DN300,51490,"c(37489633.7363173, 2398611.6945175)",37489633.7363173,2398611.6945175
Text,PS_HSLtext,2,0,Ì≈  DN300,CDShxStyle,Ì≈  DN300,51491,"c(37489625.0469825, 2398618.12918503)",37489625.0469825,2398618.12918503
Text,PS_HSLtext,2,0,PVC  DN100,CDShxStyle,PVC  DN100,51492,"c(37489626.6593349, 2398621.94718731)",37489626.6593349,2398621.94718731
Text,PS_HSLtext,2,0,Ì≈  DN300,CDShxStyle,Ì≈  DN300,51493,"c(37489625.188914, 2398634.26572615)",37489625.188914,2398634.26572615
Text,PS_HSLtext,2,0,Ì≈  DN300,CDShxStyle,Ì≈  DN300,51494,"c(37489625.3239939, 2398655.93796378)",37489625.3239939,2398655.93796378
Text,PS_HSLtext,2,0,Ì≈  DN200,CDShxStyle,Ì≈  DN200,51495,"c(37489673.4038198, 2396968.37257543)",37489673.4038198,2396968.37257543
Text,PS_HSLtext,2,0,Ì≈  DN200,CDShxStyle,Ì≈  DN200,51496,"c(37489677.8731224, 2396932.80595088)",37489677.8731224,2396932.80595088
Text,PS_HSLtext,2,0,Ì≈  DN400,CDShxStyle,Ì≈  DN400,51497,"c(37489095.2208586, 2396998.14397721)",37489095.2208586,2396998.14397721
Text,PS_HSLtext,2,0,Ì≈  DN300,CDShxStyle,Ì≈  DN300,51498,"c(37490008.3205007, 2398204.27684337)",37490008.3205007,2398204.27684337
Text,PS_HSLtext,2,0,Ì≈  DN800,CDShxStyle,Ì≈  DN800,51499,"c(37489983.8575364, 2398203.89602626)",37489983.8575364,2398203.89602626
Text,PS_HSLtext,2,0,Ì≈  DN800,CDShxStyle,Ì≈  DN800,51500,"c(37489970.6100805, 2398194.92115427)",37489970.6100805,2398194.92115427
Text,PS_HSLtext,2,0,Ì≈  DN400,CDShxStyle,Ì≈  DN400,51501,"c(37489606.4953685, 2399187.28660927)",37489606.4953685,2399187.28660927
Text,PS_HSLtext,2,0,Ì≈  DN400,CDShxStyle,Ì≈  DN400,51502,"c(37489614.5454701, 2399169.11976519)",37489614.5454701,2399169.11976519
Text,PS_HSLtext,2,0,Ì≈  DN400,CDShxStyle,Ì≈  DN400,51503,"c(37489479.7167778, 2396481.10682382)",37489479.7167778,2396481.10682382
Text,PS_HSLtext,2,0,PVC  DN300,CDShxStyle,PVC  DN300,51504,"c(37489451.7577132, 2396960.24493886)",37489451.7577132,2396960.24493886
Text,PS_HSLtext,2,0,Ì≈  DN300,CDShxStyle,Ì≈  DN300,51505,"c(37489451.1946088, 2396969.27954791)",37489451.1946088,2396969.27954791
Text,PS_HSLtext,2,0,Ì≈  DN400X300,CDShxStyle,Ì≈  DN400X300,51506,"c(37488420.9952452, 2399521.5760923)",37488420.9952452,2399521.5760923
Text,PS_HSLtext,2,0,Ì≈  DN600,CDShxStyle,Ì≈  DN600,51507,"c(37489462.0319407, 2396491.37264614)",37489462.0319407,2396491.37264614
Text,PS_HSLtext,2,0,Ì≈  DN400,CDShxStyle,Ì≈  DN400,51508,"c(37489622.1174236, 2396471.87291152)",37489622.1174236,2396471.87291152
Text,PS_HSLtext,2,0,Ì≈  DN400,CDShxStyle,Ì≈  DN400,51509,"c(37489415.0048216, 2398230.29803817)",37489415.0048216,2398230.29803817
Text,PS_HSLtext,2,0,Ì≈  DN1000,CDShxStyle,Ì≈  DN1000,51510,"c(37489426.7243757, 2396252.97950092)",37489426.7243757,2396252.97950092
Text,PS_HSLtext,2,0,PVC  DN300,CDShxStyle,PVC  DN300,51511,"c(37489480.7135062, 2396468.15193503)",37489480.7135062,2396468.15193503
Text,PS_HSLtext,2,0,Ì≈  DN400,CDShxStyle,Ì≈  DN400,51512,"c(37488954.2394977, 2397141.22648722)",37488954.2394977,2397141.22648722
Text,PS_HSLtext,2,0,Ì≈  DN400,CDShxStyle,Ì≈  DN400,51513,"c(37488954.2839906, 2397126.32006492)",37488954.2839906,2397126.32006492
Text,PS_HSLtext,2,0,Ì≈  DN200,CDShxStyle,Ì≈  DN200,51514,"c(37488958.523961, 2397115.82234381)",37488958.523961,2397115.82234381
Text,PS_HSLtext,2,0,Ì≈  DN400,CDShxStyle,Ì≈  DN400,51515,"c(37488954.3149917, 2397111.50761074)",37488954.3149917,2397111.50761074
Text,PS_HSLtext,2,0,Ì≈  DN400,CDShxStyle,Ì≈  DN400,51516,"c(37488954.2629984, 2397097.4527276)",37488954.2629984,2397097.4527276
Text,PS_HSLtext,2,0,Ì≈  DN300,CDShxStyle,Ì≈  DN300,51517,"c(37488958.5411169, 2397087.37619656)",37488958.5411169,2397087.37619656
Text,PS_HSLtext,2,0,Ì≈  DN500,CDShxStyle,Ì≈  DN500,51518,"c(37489501.0235923, 2398213.8874871)",37489501.0235923,2398213.8874871
Text,PS_HSLtext,2,0,Ì≈  DN500,CDShxStyle,Ì≈  DN500,51519,"c(37489516.7190086, 2398213.85049974)",37489516.7190086,2398213.85049974
Text,PS_HSLtext,2,0,Ì≈  DN500,CDShxStyle,Ì≈  DN500,51520,"c(37489566.9123884, 2398213.62398852)",37489566.9123884,2398213.62398852
Text,PS_HSLtext,2,0,Ì≈  DN800,CDShxStyle,Ì≈  DN800,51521,"c(37489945.1638212, 2398196.27099933)",37489945.1638212,2398196.27099933
Text,PS_HSLtext,2,0,Ì≈  DN800,CDShxStyle,Ì≈  DN800,51522,"c(37489929.4763507, 2398195.20415256)",37489929.4763507,2398195.20415256
Text,PS_HSLtext,2,0,Ì≈  DN800,CDShxStyle,Ì≈  DN800,51523,"c(37489904.1634618, 2398195.18400237)",37489904.1634618,2398195.18400237
Text,PS_HSLtext,2,0,Ì≈  DN800,CDShxStyle,Ì≈  DN800,51524,"c(37489875.4049177, 2398196.20098717)",37489875.4049177,2398196.20098717
Text,PS_HSLtext,2,0,Ì≈  DN300,CDShxStyle,Ì≈  DN300,51525,"c(37489868.2354226, 2398203.08555181)",37489868.2354226,2398203.08555181
Text,PS_HSLtext,2,0,Ì≈  DN400,CDShxStyle,Ì≈  DN400,51526,"c(37489690.6897583, 2399241.91495953)",37489690.6897583,2399241.91495953
Text,PS_HSLtext,2,0,Ì≈  DN400,CDShxStyle,Ì≈  DN400,51527,"c(37489717.1270362, 2399245.17970156)",37489717.1270362,2399245.17970156
Text,PS_HSLtext,2,0,Ì≈  DN200,CDShxStyle,Ì≈  DN200,51528,"c(37489705.9768364, 2396681.58191602)",37489705.9768364,2396681.58191602
Text,PS_HSLtext,2,0,Ì≈  DN150,CDShxStyle,Ì≈  DN150,51529,"c(37489622.4216932, 2398665.04390216)",37489622.4216932,2398665.04390216
Text,PS_HSLtext,2,0,PVC  DN600,CDShxStyle,PVC  DN600,51530,"c(37488743.5196395, 2400068.47715216)",37488743.5196395,2400068.47715216
Text,PS_HSLtext,2,0,PVC  DN600,CDShxStyle,PVC  DN600,51531,"c(37488727.4754793, 2400111.66732471)",37488727.4754793,2400111.66732471
Text,PS_HSLtext,2,0,PVC  DN600,CDShxStyle,PVC  DN600,51532,"c(37488712.5064018, 2400158.58158307)",37488712.5064018,2400158.58158307
Text,PS_HSLtext,2,0,PVC  DN600,CDShxStyle,PVC  DN600,51533,"c(37488674.1144806, 2400207.66232218)",37488674.1144806,2400207.66232218
Text,PS_HSLtext,2,0,PVC  DN400,CDShxStyle,PVC  DN400,51534,"c(37488648.9039595, 2400212.7913021)",37488648.9039595,2400212.7913021
Text,PS_HSLtext,2,0,PVC  DN400,CDShxStyle,PVC  DN400,51535,"c(37488627.9247951, 2400217.35883856)",37488627.9247951,2400217.35883856
Text,PS_HSLtext,2,0,PVC  DN300,CDShxStyle,PVC  DN300,51536,"c(37488374.5024856, 2399728.40939586)",37488374.5024856,2399728.40939586
Text,PS_HSLtext,2,0,Ì≈  DN300,CDShxStyle,Ì≈  DN300,51537,"c(37489557.6870418, 2398615.06418432)",37489557.6870418,2398615.06418432
Text,PS_HSLtext,2,0,Ì≈  DN400,CDShxStyle,Ì≈  DN400,51538,"c(37489747.522276, 2399250.01186424)",37489747.522276,2399250.01186424
Text,PS_HSLtext,2,0,Ì≈  DN300,CDShxStyle,Ì≈  DN300,51539,"c(37489827.2095276, 2399273.11471808)",37489827.2095276,2399273.11471808
Text,PS_HSLtext,2,0,Ì≈  DN400,CDShxStyle,Ì≈  DN400,51540,"c(37489777.7053688, 2399257.85252048)",37489777.7053688,2399257.85252048
Text,PS_HSLtext,2,0,PVC  DN800,CDShxStyle,PVC  DN800,51541,"c(37488615.5106878, 2400234.01637586)",37488615.5106878,2400234.01637586
Text,PS_HSLtext,2,0,PVC  DN800,CDShxStyle,PVC  DN800,51542,"c(37488625.1682677, 2400221.53013949)",37488625.1682677,2400221.53013949
Text,PS_HSLtext,2,0,PVC  DN800,CDShxStyle,PVC  DN800,51543,"c(37488631.0309862, 2400218.41021772)",37488631.0309862,2400218.41021772
Text,PS_HSLtext,2,0,PVC  DN800,CDShxStyle,PVC  DN800,51544,"c(37488639.370234, 2400216.85495831)",37488639.370234,2400216.85495831
Text,PS_HSLtext,2,0,PVC  DN800,CDShxStyle,PVC  DN800,51545,"c(37488650.9957593, 2400216.86195945)",37488650.9957593,2400216.86195945
Text,PS_HSLtext,2,0,PVC  DN800,CDShxStyle,PVC  DN800,51546,"c(37488669.2702565, 2400214.17377039)",37488669.2702565,2400214.17377039
Text,PS_HSLtext,2,0,PVC  DN600,CDShxStyle,PVC  DN600,51547,"c(37490444.125548, 2399280.105)",37490444.125548,2399280.105
Text,PS_HSLtext,2,0,PVC  DN600,CDShxStyle,PVC  DN600,51548,"c(37490422.5512771, 2399276.09698954)",37490422.5512771,2399276.09698954
Text,PS_HSLtext,2,0,PVC  DN600,CDShxStyle,PVC  DN600,51549,"c(37490400.2672783, 2399267.398923)",37490400.2672783,2399267.398923
Text,PS_HSLtext,2,0,PVC  DN200,CDShxStyle,PVC  DN200,51550,"c(37490389.3421011, 2399260.542654)",37490389.3421011,2399260.542654
Text,PS_HSLtext,2,0,PVC  DN600,CDShxStyle,PVC  DN600,51551,"c(37490384.6941199, 2399261.73406781)",37490384.6941199,2399261.73406781
Text,PS_HSLtext,2,0,PVC  DN400,CDShxStyle,PVC  DN400,51552,"c(37488615.9702571, 2400229.61364776)",37488615.9702571,2400229.61364776
Text,PS_HSLtext,2,0,÷˝Ã˙  DN400,CDShxStyle,÷˝Ã˙  DN400,51553,"c(37488605.7921379, 2400246.65662294)",37488605.7921379,2400246.65662294
Text,PS_HSLtext,2,0,PVC  DN400,CDShxStyle,PVC  DN400,51554,"c(37488599.1854929, 2400259.80719978)",37488599.1854929,2400259.80719978
Text,PS_HSLtext,2,0,PVC  DN600,CDShxStyle,PVC  DN600,51555,"c(37488689.2909653, 2400199.71469493)",37488689.2909653,2400199.71469493
Text,PS_HSLtext,2,0,PVC  DN600,CDShxStyle,PVC  DN600,51556,"c(37488699.937421, 2400187.01582334)",37488699.937421,2400187.01582334
Text,PS_HSLtext,2,0,Ì≈  DN600,CDShxStyle,Ì≈  DN600,51557,"c(37489728.1723628, 2399043.80473458)",37489728.1723628,2399043.80473458
Text,PS_HSLtext,2,0,Ì≈  DN600,CDShxStyle,Ì≈  DN600,51558,"c(37489729.4286959, 2399028.85388653)",37489729.4286959,2399028.85388653
Text,PS_HSLtext,2,0,Ì≈  DN600,CDShxStyle,Ì≈  DN600,51559,"c(37489724.6273636, 2399036.754005)",37489724.6273636,2399036.754005
Text,PS_HSLtext,2,0,Ì≈  DN600,CDShxStyle,Ì≈  DN600,51560,"c(37489734.3679337, 2399017.97098672)",37489734.3679337,2399017.97098672
Text,PS_HSLtext,2,0,Ì≈  DN600,CDShxStyle,Ì≈  DN600,51561,"c(37489729.8302085, 2399018.67581508)",37489729.8302085,2399018.67581508
Text,PS_HSLtext,2,0,Ì≈  DN600,CDShxStyle,Ì≈  DN600,51562,"c(37489741.2426616, 2399014.29237561)",37489741.2426616,2399014.29237561
Text,PS_HSLtext,2,0,Ì≈  DN500,CDShxStyle,Ì≈  DN500,51563,"c(37489426.8991061, 2398234.17665699)",37489426.8991061,2398234.17665699
Text,PS_HSLtext,2,0,Ì≈  DN500,CDShxStyle,Ì≈  DN500,51564,"c(37489427.0004939, 2398245.71447553)",37489427.0004939,2398245.71447553
Text,PS_HSLtext,2,0,Ì≈  DN500,CDShxStyle,Ì≈  DN500,51565,"c(37489427.0673855, 2398258.65429893)",37489427.0673855,2398258.65429893
Text,PS_HSLtext,2,0,Ì≈  DN500,CDShxStyle,Ì≈  DN500,51566,"c(37489427.1849998, 2398276.26156425)",37489427.1849998,2398276.26156425
Text,PS_HSLtext,2,0,Ì≈  DN400,CDShxStyle,Ì≈  DN400,51567,"c(37489427.9418145, 2398368.23887955)",37489427.9418145,2398368.23887955
Text,PS_HSLtext,2,0,Ì≈  DN1000X1000,CDShxStyle,Ì≈  DN1000X1000,51568,"c(37488692.5422069, 2400201.00776489)",37488692.5422069,2400201.00776489
Text,PS_HSLtext,2,0,Ì≈  DN1000X1000,CDShxStyle,Ì≈  DN1000X1000,51569,"c(37488711.673283, 2400181.10768846)",37488711.673283,2400181.10768846
Text,PS_HSLtext,2,0,Ì≈  DN1000X1000,CDShxStyle,Ì≈  DN1000X1000,51570,"c(37488725.2088011, 2400161.87061316)",37488725.2088011,2400161.87061316
Text,PS_HSLtext,2,0,Ì≈  DN1000X1000,CDShxStyle,Ì≈  DN1000X1000,51571,"c(37488737.8116097, 2400149.18044491)",37488737.8116097,2400149.18044491
Text,PS_HSLtext,2,0,Ì≈  DN1000X1000,CDShxStyle,Ì≈  DN1000X1000,51572,"c(37488765.4497682, 2400144.58028295)",37488765.4497682,2400144.58028295
Text,PS_HSLtext,2,0,Ì≈  DN1000X1000,CDShxStyle,Ì≈  DN1000X1000,51573,"c(37488800.3032737, 2400138.06148267)",37488800.3032737,2400138.06148267
Text,PS_HSLtext,2,0,Ì≈  DN1000X1000,CDShxStyle,Ì≈  DN1000X1000,51574,"c(37488821.3893351, 2400115.87567063)",37488821.3893351,2400115.87567063
Text,PS_HSLtext,2,0,Ì≈  DN1000X1000,CDShxStyle,Ì≈  DN1000X1000,51575,"c(37488834.0837158, 2400084.43007144)",37488834.0837158,2400084.43007144
Text,PS_HSLtext,2,0,Ì≈  DN1000X1000,CDShxStyle,Ì≈  DN1000X1000,51576,"c(37488845.6375109, 2400056.72187421)",37488845.6375109,2400056.72187421
Text,PS_HSLtext,2,0,Ì≈  DN1000X1000,CDShxStyle,Ì≈  DN1000X1000,51577,"c(37488862.325831, 2400041.94253416)",37488862.325831,2400041.94253416
Text,PS_HSLtext,2,0,Ì≈  DN1000X1000,CDShxStyle,Ì≈  DN1000X1000,51578,"c(37488881.560674, 2400039.19986477)",37488881.560674,2400039.19986477
Text,PS_HSLtext,2,0,Ì≈  DN1000X1000,CDShxStyle,Ì≈  DN1000X1000,51579,"c(37488893.8003862, 2400038.17769591)",37488893.8003862,2400038.17769591
Text,PS_HSLtext,2,0,Ì≈  DN1000X1000,CDShxStyle,Ì≈  DN1000X1000,51580,"c(37488916.9350858, 2400033.71286302)",37488916.9350858,2400033.71286302
Text,PS_HSLtext,2,0,Ì≈  DN1000X1000,CDShxStyle,Ì≈  DN1000X1000,51581,"c(37488948.4924341, 2400026.77822871)",37488948.4924341,2400026.77822871
Text,PS_HSLtext,2,0,Ì≈  DN1000X1000,CDShxStyle,Ì≈  DN1000X1000,51582,"c(37488977.307487, 2400020.63010194)",37488977.307487,2400020.63010194
Text,PS_HSLtext,2,0,Ì≈  DN1000X1000,CDShxStyle,Ì≈  DN1000X1000,51583,"c(37489001.3787956, 2400016.04632051)",37489001.3787956,2400016.04632051
Text,PS_HSLtext,2,0,Ì≈  DN1000X1000,CDShxStyle,Ì≈  DN1000X1000,51584,"c(37489015.7835994, 2400013.92034289)",37489015.7835994,2400013.92034289
Text,PS_HSLtext,2,0,Ì≈  DN400,CDShxStyle,Ì≈  DN400,51585,"c(37489021.1482195, 2400009.78792502)",37489021.1482195,2400009.78792502
Text,PS_HSLtext,2,0,Ì≈  DN1000X1000,CDShxStyle,Ì≈  DN1000X1000,51586,"c(37489028.6571686, 2400012.54802691)",37489028.6571686,2400012.54802691
Text,PS_HSLtext,2,0,Ì≈  DN400,CDShxStyle,Ì≈  DN400,51587,"c(37490212.0420725, 2399194.88806759)",37490212.0420725,2399194.88806759
Text,PS_HSLtext,2,0,PVC  DN300,CDShxStyle,PVC  DN300,51588,"c(37489052.843205, 2399976.15928389)",37489052.843205,2399976.15928389
Text,PS_HSLtext,2,0,PVC  DN600,CDShxStyle,PVC  DN600,51589,"c(37489050.2261496, 2399992.57924313)",37489050.2261496,2399992.57924313
Text,PS_HSLtext,2,0,PVC  DN1000,CDShxStyle,PVC  DN1000,51590,"c(37489050.7414793, 2400015.4299123)",37489050.7414793,2400015.4299123
Text,PS_HSLtext,2,0,Ì≈  DN400X300,CDShxStyle,Ì≈  DN400X300,51591,"c(37488360.8012393, 2399671.01631774)",37488360.8012393,2399671.01631774
Text,PS_HSLtext,2,0,Ì≈  DN400X300,CDShxStyle,Ì≈  DN400X300,51592,"c(37488344.8335143, 2399584.09771361)",37488344.8335143,2399584.09771361
Text,PS_HSLtext,2,0,Ì≈  DN400X300,CDShxStyle,Ì≈  DN400X300,51593,"c(37488345.2300095, 2399527.02941479)",37488345.2300095,2399527.02941479
Text,PS_HSLtext,2,0,Ì≈  DN400X300,CDShxStyle,Ì≈  DN400X300,51594,"c(37488349.788594, 2399496.82618608)",37488349.788594,2399496.82618608
Text,PS_HSLtext,2,0,Ì≈  DN400X300,CDShxStyle,Ì≈  DN400X300,51595,"c(37488372.8332616, 2399503.21381846)",37488372.8332616,2399503.21381846
Text,PS_HSLtext,2,0,PVC  DN600,CDShxStyle,PVC  DN600,51596,"c(37488601.3864769, 2400257.49410328)",37488601.3864769,2400257.49410328
Text,PS_HSLtext,2,0,Ì≈  DN400,CDShxStyle,Ì≈  DN400,51597,"c(37489318.1976141, 2399117.56417315)",37489318.1976141,2399117.56417315
Text,PS_HSLtext,2,0,Ì≈  DN400,CDShxStyle,Ì≈  DN400,51598,"c(37489333.4340838, 2399123.68333327)",37489333.4340838,2399123.68333327
Text,PS_HSLtext,2,0,Ì≈  DN400,CDShxStyle,Ì≈  DN400,51599,"c(37489351.6355796, 2399130.74036185)",37489351.6355796,2399130.74036185
Text,PS_HSLtext,2,0,Ì≈  DN400,CDShxStyle,Ì≈  DN400,51600,"c(37489369.7830517, 2399137.78601653)",37489369.7830517,2399137.78601653
Text,PS_HSLtext,2,0,Ì≈  DN400,CDShxStyle,Ì≈  DN400,51601,"c(37489387.5866659, 2399145.13844632)",37489387.5866659,2399145.13844632
Text,PS_HSLtext,2,0,Ì≈  DN400,CDShxStyle,Ì≈  DN400,51602,"c(37489401.3679164, 2399150.7333309)",37489401.3679164,2399150.7333309
Text,PS_HSLtext,2,0,Ì≈  DN400,CDShxStyle,Ì≈  DN400,51603,"c(37489410.5547972, 2399154.12394566)",37489410.5547972,2399154.12394566
Text,PS_HSLtext,2,0,Ì≈  DN400,CDShxStyle,Ì≈  DN400,51604,"c(37489425.1641997, 2399157.88543994)",37489425.1641997,2399157.88543994
Text,PS_HSLtext,2,0,Ì≈  DN200,CDShxStyle,Ì≈  DN200,51605,"c(37489414.6443128, 2399159.24357495)",37489414.6443128,2399159.24357495
Text,PS_HSLtext,2,0,Ì≈  DN200,CDShxStyle,Ì≈  DN200,51606,"c(37489435.3130046, 2399163.23714174)",37489435.3130046,2399163.23714174
Text,PS_HSLtext,2,0,Ì≈  DN400,CDShxStyle,Ì≈  DN400,51607,"c(37489445.0024157, 2399161.14173196)",37489445.0024157,2399161.14173196
Text,PS_HSLtext,2,0,Ì≈  DN400,CDShxStyle,Ì≈  DN400,51608,"c(37489465.2992042, 2399164.18138741)",37489465.2992042,2399164.18138741
Text,PS_HSLtext,2,0,Ì≈  DN400,CDShxStyle,Ì≈  DN400,51609,"c(37489500.5077592, 2399176.06320312)",37489500.5077592,2399176.06320312
Text,PS_HSLtext,2,0,Ì≈  DN200,CDShxStyle,Ì≈  DN200,51610,"c(37489524.1763545, 2399189.2328243)",37489524.1763545,2399189.2328243
Text,PS_HSLtext,2,0,Ì≈  DN400,CDShxStyle,Ì≈  DN400,51611,"c(37489536.2051002, 2399191.35792152)",37489536.2051002,2399191.35792152
Text,PS_HSLtext,2,0,Ì≈  DN400,CDShxStyle,Ì≈  DN400,51612,"c(37489803.0729191, 2399165.08883611)",37489803.0729191,2399165.08883611
Text,PS_HSLtext,2,0,Ì≈  DN400,CDShxStyle,Ì≈  DN400,51613,"c(37489434.6629278, 2398612.66951276)",37489434.6629278,2398612.66951276
Text,PS_HSLtext,2,0,Ì≈  DN400,CDShxStyle,Ì≈  DN400,51614,"c(37489453.1379079, 2398612.29468478)",37489453.1379079,2398612.29468478
Text,PS_HSLtext,2,0,PVC  DN400,CDShxStyle,PVC  DN400,51615,"c(37489305.7103052, 2399113.23374255)",37489305.7103052,2399113.23374255
Text,PS_HSLtext,2,0,Ì≈  DN200,CDShxStyle,Ì≈  DN200,51616,"c(37489627.3993839, 2398668.055175)",37489627.3993839,2398668.055175
Text,PS_HSLtext,2,0,Ì≈  DN400X300,CDShxStyle,Ì≈  DN400X300,51617,"c(37488380.9872892, 2399727.2504569)",37488380.9872892,2399727.2504569
Text,PS_HSLtext,2,0,Ì≈  DN400X300,CDShxStyle,Ì≈  DN400X300,51618,"c(37488422.4197977, 2399712.13420424)",37488422.4197977,2399712.13420424
Text,PS_HSLtext,2,0,Ì≈  DN400X300,CDShxStyle,Ì≈  DN400X300,51619,"c(37488471.779138, 2399697.47284592)",37488471.779138,2399697.47284592
Text,PS_HSLtext,2,0,Ì≈  DN400X300,CDShxStyle,Ì≈  DN400X300,51620,"c(37488518.7304333, 2399718.41497686)",37488518.7304333,2399718.41497686
Text,PS_HSLtext,2,0,Ì≈  DN300,CDShxStyle,Ì≈  DN300,51621,"c(37489800.2485341, 2399265.08598313)",37489800.2485341,2399265.08598313
Text,PS_HSLtext,2,0,Ì≈  DN400,CDShxStyle,Ì≈  DN400,51622,"c(37489596.2680894, 2399213.17024852)",37489596.2680894,2399213.17024852
Text,PS_HSLtext,2,0,Ì≈  DN400,CDShxStyle,Ì≈  DN400,51623,"c(37489628.789839, 2399167.43723875)",37489628.789839,2399167.43723875
Text,PS_HSLtext,2,0,Ì≈  DN400,CDShxStyle,Ì≈  DN400,51624,"c(37489648.4751338, 2399158.83830507)",37489648.4751338,2399158.83830507
Text,PS_HSLtext,2,0,Ì≈  DN300,CDShxStyle,Ì≈  DN300,51625,"c(37489658.2276813, 2399149.11035427)",37489658.2276813,2399149.11035427
Text,PS_HSLtext,2,0,PVC  DN200,CDShxStyle,PVC  DN200,51626,"c(37489653.4522864, 2397224.19107407)",37489653.4522864,2397224.19107407
Text,PS_HSLtext,2,0,Ì≈  DN200,CDShxStyle,Ì≈  DN200,51627,"c(37489645.9251809, 2397226.1819099)",37489645.9251809,2397226.1819099
Text,PS_HSLtext,2,0,Ì≈  DN300,CDShxStyle,Ì≈  DN300,51628,"c(37489645.7811356, 2397190.12960496)",37489645.7811356,2397190.12960496
Text,PS_HSLtext,2,0,PVC  DN300,CDShxStyle,PVC  DN300,51629,"c(37489636.0164467, 2397191.90562834)",37489636.0164467,2397191.90562834
Text,PS_HSLtext,2,0,Ì≈  DN400,CDShxStyle,Ì≈  DN400,51630,"c(37489687.4782876, 2399172.06840977)",37489687.4782876,2399172.06840977
Text,PS_HSLtext,2,0,Ì≈  DN400,CDShxStyle,Ì≈  DN400,51631,"c(37489723.8233699, 2399170.28188111)",37489723.8233699,2399170.28188111
Text,PS_HSLtext,2,0,Ì≈  DN400,CDShxStyle,Ì≈  DN400,51632,"c(37489758.1870808, 2399168.90825718)",37489758.1870808,2399168.90825718
Text,PS_HSLtext,2,0,PVC  DN600,CDShxStyle,PVC  DN600,51633,"c(37490367.9685134, 2399255.56731033)",37490367.9685134,2399255.56731033
Text,PS_HSLtext,2,0,PVC  DN600,CDShxStyle,PVC  DN600,51634,"c(37490347.8360105, 2399244.01899884)",37490347.8360105,2399244.01899884
Text,PS_HSLtext,2,0,PVC  DN150,CDShxStyle,PVC  DN150,51635,"c(37490335.8647921, 2399231.52324239)",37490335.8647921,2399231.52324239
Text,PS_HSLtext,2,0,PVC  DN200,CDShxStyle,PVC  DN200,51636,"c(37490339.2523484, 2399235.18988431)",37490339.2523484,2399235.18988431
Text,PS_HSLtext,2,0,PVC  DN600,CDShxStyle,PVC  DN600,51637,"c(37490330.2679611, 2399233.17148894)",37490330.2679611,2399233.17148894
Text,PS_HSLtext,2,0,PVC  DN600,CDShxStyle,PVC  DN600,51638,"c(37490314.6139487, 2399227.27861101)",37490314.6139487,2399227.27861101
Text,PS_HSLtext,2,0,PVC  DN600,CDShxStyle,PVC  DN600,51639,"c(37490296.6288806, 2399219.88192748)",37490296.6288806,2399219.88192748
Text,PS_HSLtext,2,0,PVC  DN600,CDShxStyle,PVC  DN600,51640,"c(37490275.1001277, 2399206.81072104)",37490275.1001277,2399206.81072104
Text,PS_HSLtext,2,0,PVC  DN200,CDShxStyle,PVC  DN200,51641,"c(37490263.8588808, 2399202.75649155)",37490263.8588808,2399202.75649155
Text,PS_HSLtext,2,0,PVC  DN600,CDShxStyle,PVC  DN600,51642,"c(37490260.2693019, 2399195.72610425)",37490260.2693019,2399195.72610425
Text,PS_HSLtext,2,0,PVC  DN600,CDShxStyle,PVC  DN600,51643,"c(37490248.5244497, 2399188.44425589)",37490248.5244497,2399188.44425589
Text,PS_HSLtext,2,0,PVC  DN600,CDShxStyle,PVC  DN600,51644,"c(37490232.9907566, 2399191.3535799)",37490232.9907566,2399191.3535799
Text,PS_HSLtext,2,0,PVC  DN600,CDShxStyle,PVC  DN600,51645,"c(37490221.2153623, 2399195.19710331)",37490221.2153623,2399195.19710331
Text,PS_HSLtext,2,0,PVC  DN200,CDShxStyle,PVC  DN200,51646,"c(37490216.0265508, 2399190.18611275)",37490216.0265508,2399190.18611275
Text,PS_HSLtext,2,0,PVC  DN400,CDShxStyle,PVC  DN400,51647,"c(37490458.6699195, 2399277.46799856)",37490458.6699195,2399277.46799856
Text,PS_HSLtext,2,0,Ì≈  DN300,CDShxStyle,Ì≈  DN300,51648,"c(37489649.2389888, 2397297.6235018)",37489649.2389888,2397297.6235018
Text,PS_HSLtext,2,0,Ì≈  DN300,CDShxStyle,Ì≈  DN300,51649,"c(37489657.6786646, 2397282.85183208)",37489657.6786646,2397282.85183208
Text,PS_HSLtext,2,0,Ì≈  DN600,CDShxStyle,Ì≈  DN600,51650,"c(37489468.0933772, 2396480.51415144)",37489468.0933772,2396480.51415144
Text,PS_HSLtext,2,0,Ì≈  DN600,CDShxStyle,Ì≈  DN600,51651,"c(37489518.5805686, 2396480.99780264)",37489518.5805686,2396480.99780264
Text,PS_HSLtext,2,0,Ì≈  DN600,CDShxStyle,Ì≈  DN600,51652,"c(37489533.0773739, 2396482.17315518)",37489533.0773739,2396482.17315518
Text,PS_HSLtext,2,0,Ì≈  DN300,CDShxStyle,Ì≈  DN300,51653,"c(37488958.6072379, 2397162.18465038)",37488958.6072379,2397162.18465038
Text,PS_HSLtext,2,0,Ì≈  DN600,CDShxStyle,Ì≈  DN600,51654,"c(37489554.4546961, 2396482.6980017)",37489554.4546961,2396482.6980017
Text,PS_HSLtext,2,0,Ì≈  DN300,CDShxStyle,Ì≈  DN300,51655,"c(37489647.0923393, 2397083.21122191)",37489647.0923393,2397083.21122191
Text,PS_HSLtext,2,0,Ì≈  DN300,CDShxStyle,Ì≈  DN300,51656,"c(37489667.5140701, 2397018.77018569)",37489667.5140701,2397018.77018569
Text,PS_HSLtext,2,0,Ì≈  DN600,CDShxStyle,Ì≈  DN600,51657,"c(37489648.4704894, 2396989.22487415)",37489648.4704894,2396989.22487415
Text,PS_HSLtext,2,0,Ì≈  DN300,CDShxStyle,Ì≈  DN300,51658,"c(37489666.144574, 2396948.34567138)",37489666.144574,2396948.34567138
Text,PS_HSLtext,2,0,PVC  DN300,CDShxStyle,PVC  DN300,51659,"c(37489662.4637901, 2397010.80745731)",37489662.4637901,2397010.80745731
Text,PS_HSLtext,2,0,PVC  DN300,CDShxStyle,PVC  DN300,51660,"c(37489663.9941453, 2396998.33697984)",37489663.9941453,2396998.33697984
Text,PS_HSLtext,2,0,Ì≈  DN300,CDShxStyle,Ì≈  DN300,51661,"c(37489659.7792454, 2397033.95915973)",37489659.7792454,2397033.95915973
Text,PS_HSLtext,2,0,Ì≈  DN300,CDShxStyle,Ì≈  DN300,51662,"c(37489652.5993408, 2397090.53288093)",37489652.5993408,2397090.53288093
Text,PS_HSLtext,2,0,Ì≈  DN100X200,CDShxStyle,Ì≈  DN100X200,51663,"c(37489693.9529088, 2396731.63285152)",37489693.9529088,2396731.63285152
Text,PS_HSLtext,2,0,Ì≈  DN300,CDShxStyle,Ì≈  DN300,51664,"c(37489694.6022364, 2396659.87749994)",37489694.6022364,2396659.87749994
Text,PS_HSLtext,2,0,Ì≈  DN600,CDShxStyle,Ì≈  DN600,51665,"c(37489671.3078684, 2396556.78888756)",37489671.3078684,2396556.78888756
Text,PS_HSLtext,2,0,Ì≈  DN600,CDShxStyle,Ì≈  DN600,51666,"c(37489680.276985, 2396579.23943214)",37489680.276985,2396579.23943214
Text,PS_HSLtext,2,0,Ì≈  DN500,CDShxStyle,Ì≈  DN500,51667,"c(37489692.4736808, 2396624.65319397)",37489692.4736808,2396624.65319397
Text,PS_HSLtext,2,0,Ì≈  DN600,CDShxStyle,Ì≈  DN600,51668,"c(37489686.153306, 2396597.40821008)",37489686.153306,2396597.40821008
Text,PS_HSLtext,2,0,Ì≈  DN500,CDShxStyle,Ì≈  DN500,51669,"c(37489697.4258944, 2396651.07552152)",37489697.4258944,2396651.07552152
Text,PS_HSLtext,2,0,Ì≈  DN500,CDShxStyle,Ì≈  DN500,51670,"c(37489698.9216015, 2396670.14903912)",37489698.9216015,2396670.14903912
Text,PS_HSLtext,2,0,Ì≈  DN500,CDShxStyle,Ì≈  DN500,51671,"c(37489694.7323874, 2396741.93675926)",37489694.7323874,2396741.93675926
Text,PS_HSLtext,2,0,Ì≈  DN500,CDShxStyle,Ì≈  DN500,51672,"c(37489691.7522775, 2396764.90589881)",37489691.7522775,2396764.90589881
Text,PS_HSLtext,2,0,Ì≈  DN500,CDShxStyle,Ì≈  DN500,51673,"c(37489688.6807121, 2396790.95274606)",37489688.6807121,2396790.95274606
Text,PS_HSLtext,2,0,Ì≈  DN300,CDShxStyle,Ì≈  DN300,51674,"c(37489681.0596389, 2396832.1557511)",37489681.0596389,2396832.1557511
Text,PS_HSLtext,2,0,Ì≈  DN500,CDShxStyle,Ì≈  DN500,51675,"c(37489685.0389842, 2396821.1202426)",37489685.0389842,2396821.1202426
Text,PS_HSLtext,2,0,Ì≈  DN400,CDShxStyle,Ì≈  DN400,51676,"c(37489681.5017763, 2396849.41740868)",37489681.5017763,2396849.41740868
Text,PS_HSLtext,2,0,Ì≈  DN600,CDShxStyle,Ì≈  DN600,51677,"c(37489600.6822899, 2396482.21107727)",37489600.6822899,2396482.21107727
Text,PS_HSLtext,2,0,Ì≈  DN300,CDShxStyle,Ì≈  DN300,51678,"c(37489603.6249295, 2396485.79939803)",37489603.6249295,2396485.79939803
Text,PS_HSLtext,2,0,Ì≈  DN600,CDShxStyle,Ì≈  DN600,51679,"c(37489613.6804098, 2396483.11567642)",37489613.6804098,2396483.11567642
Text,PS_HSLtext,2,0,Ì≈  DN600,CDShxStyle,Ì≈  DN600,51680,"c(37489629.3617959, 2396484.59752845)",37489629.3617959,2396484.59752845
Text,PS_HSLtext,2,0,Ì≈  DN600,CDShxStyle,Ì≈  DN600,51681,"c(37489642.1538363, 2396501.90353753)",37489642.1538363,2396501.90353753
Text,PS_HSLtext,2,0,Ì≈  DN400,CDShxStyle,Ì≈  DN400,51682,"c(37489677.6576295, 2396881.58995826)",37489677.6576295,2396881.58995826
Text,PS_HSLtext,2,0,Ì≈  DN300,CDShxStyle,Ì≈  DN300,51683,"c(37489673.568525, 2396915.21142229)",37489673.568525,2396915.21142229
Text,PS_HSLtext,2,0,Ì≈  DN300,CDShxStyle,Ì≈  DN300,51684,"c(37489670.4585984, 2396939.80534088)",37489670.4585984,2396939.80534088
Text,PS_HSLtext,2,0,Ì≈  DN300,CDShxStyle,Ì≈  DN300,51685,"c(37489668.0565469, 2396957.68970383)",37489668.0565469,2396957.68970383
Text,PS_HSLtext,2,0,Ì≈  DN800,CDShxStyle,Ì≈  DN800,51686,"c(37490001.3033237, 2398192.61447881)",37490001.3033237,2398192.61447881
Text,PS_HSLtext,2,0,Ì≈  DN200X200,CDShxStyle,Ì≈  DN200X200,51687,"c(37489649.9790138, 2397147.38536722)",37489649.9790138,2397147.38536722
Text,PS_HSLtext,2,0,Ì≈  DN200,CDShxStyle,Ì≈  DN200,51688,"c(37489657.1816701, 2397098.82583013)",37489657.1816701,2397098.82583013
Text,PS_HSLtext,2,0,PVC  DN300,CDShxStyle,PVC  DN300,51689,"c(37489662.7012009, 2396995.08877279)",37489662.7012009,2396995.08877279
Text,PS_HSLtext,2,0,PVC  DN200,CDShxStyle,PVC  DN200,51690,"c(37489688.9485675, 2396835.61755043)",37489688.9485675,2396835.61755043
Text,PS_HSLtext,2,0,Ì≈  DN200,CDShxStyle,Ì≈  DN200,51691,"c(37489692.8582972, 2396808.85425744)",37489692.8582972,2396808.85425744
Text,PS_HSLtext,2,0,Ì≈  DN1500,CDShxStyle,Ì≈  DN1500,51692,"c(37489433.8276706, 2396250.90500335)",37489433.8276706,2396250.90500335
Text,PS_HSLtext,2,0,Ì≈  DN200,CDShxStyle,Ì≈  DN200,51693,"c(37489697.163558, 2396775.16654003)",37489697.163558,2396775.16654003
Text,PS_HSLtext,2,0,Ì≈  DN200,CDShxStyle,Ì≈  DN200,51694,"c(37489682.0966239, 2396898.98065988)",37489682.0966239,2396898.98065988
Text,PS_HSLtext,2,0,Ì≈  DN200,CDShxStyle,Ì≈  DN200,51695,"c(37489669.8784761, 2396986.0813916)",37489669.8784761,2396986.0813916
Text,PS_HSLtext,2,0,Ì≈  DN200,CDShxStyle,Ì≈  DN200,51696,"c(37489663.0648512, 2397051.35224821)",37489663.0648512,2397051.35224821
Text,PS_HSLtext,2,0,Ì≈  DN200,CDShxStyle,Ì≈  DN200,51697,"c(37489700.7519099, 2396746.01043632)",37489700.7519099,2396746.01043632
Text,PS_HSLtext,2,0,Ì≈  DN200,CDShxStyle,Ì≈  DN200,51698,"c(37489703.9131529, 2396720.0049054)",37489703.9131529,2396720.0049054
Text,PS_HSLtext,2,0,Ì≈  DN300,CDShxStyle,Ì≈  DN300,51699,"c(37489618.2131793, 2396459.71539637)",37489618.2131793,2396459.71539637
Text,PS_HSLtext,2,0,Ì≈  DN400,CDShxStyle,Ì≈  DN400,51700,"c(37488954.2879864, 2397081.90918625)",37488954.2879864,2397081.90918625
Text,PS_HSLtext,2,0,Ì≈  DN200,CDShxStyle,Ì≈  DN200,51701,"c(37488958.5748848, 2397074.98150078)",37488958.5748848,2397074.98150078
Text,PS_HSLtext,2,0,Ì≈  DN300,CDShxStyle,Ì≈  DN300,51702,"c(37488958.5594088, 2397046.12500035)",37488958.5594088,2397046.12500035
Text,PS_HSLtext,2,0,Ì≈  DN400,CDShxStyle,Ì≈  DN400,51703,"c(37488954.3709985, 2397061.08672296)",37488954.3709985,2397061.08672296
Text,PS_HSLtext,2,0,Ì≈  DN300,CDShxStyle,Ì≈  DN300,51704,"c(37488958.5831156, 2397032.04634844)",37488958.5831156,2397032.04634844
Text,PS_HSLtext,2,0,Ì≈  DN400,CDShxStyle,Ì≈  DN400,51705,"c(37488954.3194631, 2397039.65242388)",37488954.3194631,2397039.65242388
Text,PS_HSLtext,2,0,Ì≈  DN400,CDShxStyle,Ì≈  DN400,51706,"c(37488954.2564984, 2397023.12274741)",37488954.2564984,2397023.12274741
Text,PS_HSLtext,2,0,Ì≈  DN400,CDShxStyle,Ì≈  DN400,51707,"c(37488954.2424639, 2397010.57549178)",37488954.2424639,2397010.57549178
Text,PS_HSLtext,2,0,Ì≈  DN300,CDShxStyle,Ì≈  DN300,51708,"c(37488957.7091551, 2397006.89007824)",37488957.7091551,2397006.89007824
Text,PS_HSLtext,2,0,Ì≈  DN400,CDShxStyle,Ì≈  DN400,51709,"c(37488954.3788297, 2396977.57204858)",37488954.3788297,2396977.57204858
Text,PS_HSLtext,2,0,Ì≈  DN400,CDShxStyle,Ì≈  DN400,51710,"c(37488954.8269961, 2396942.07501988)",37488954.8269961,2396942.07501988
Text,PS_HSLtext,2,0,Ì≈  DN300,CDShxStyle,Ì≈  DN300,51711,"c(37488958.6660507, 2396925.5720483)",37488958.6660507,2396925.5720483
Text,PS_HSLtext,2,0,Ì≈  DN400,CDShxStyle,Ì≈  DN400,51712,"c(37488954.8724838, 2396912.70752868)",37488954.8724838,2396912.70752868
Text,PS_HSLtext,2,0,Ì≈  DN300,CDShxStyle,Ì≈  DN300,51713,"c(37488958.6952675, 2396898.79401419)",37488958.6952675,2396898.79401419
Text,PS_HSLtext,2,0,Ì≈  DN400,CDShxStyle,Ì≈  DN400,51714,"c(37488954.7099427, 2396881.32643273)",37488954.7099427,2396881.32643273
Text,PS_HSLtext,2,0,Ì≈  DN300,CDShxStyle,Ì≈  DN300,51715,"c(37488958.7852614, 2396834.8250075)",37488958.7852614,2396834.8250075
Text,PS_HSLtext,2,0,Ì≈  DN400,CDShxStyle,Ì≈  DN400,51716,"c(37488954.6879206, 2396849.47241277)",37488954.6879206,2396849.47241277
Text,PS_HSLtext,2,0,Ì≈  DN300,CDShxStyle,Ì≈  DN300,51717,"c(37488951.7129989, 2396833.62823995)",37488951.7129989,2396833.62823995
Text,PS_HSLtext,2,0,Ì≈  DN400,CDShxStyle,Ì≈  DN400,51718,"c(37488954.5148949, 2396826.91290803)",37488954.5148949,2396826.91290803
Text,PS_HSLtext,2,0,Ì≈  DN300,CDShxStyle,Ì≈  DN300,51719,"c(37488958.4365064, 2396806.22330612)",37488958.4365064,2396806.22330612
Text,PS_HSLtext,2,0,Ì≈  DN300,CDShxStyle,Ì≈  DN300,51720,"c(37488952.1422336, 2396795.58732022)",37488952.1422336,2396795.58732022
Text,PS_HSLtext,2,0,Ì≈  DN400,CDShxStyle,Ì≈  DN400,51721,"c(37488954.1059966, 2396815.1343487)",37488954.1059966,2396815.1343487
Text,PS_HSLtext,2,0,Ì≈  DN400,CDShxStyle,Ì≈  DN400,51722,"c(37488954.5691788, 2396809.41059127)",37488954.5691788,2396809.41059127
Text,PS_HSLtext,2,0,Ì≈  DN400,CDShxStyle,Ì≈  DN400,51723,"c(37488955.0404999, 2396799.1182945)",37488955.0404999,2396799.1182945
Text,PS_HSLtext,2,0,Ì≈  DN400,CDShxStyle,Ì≈  DN400,51724,"c(37488954.9449233, 2396785.75974401)",37488954.9449233,2396785.75974401
Text,PS_HSLtext,2,0,Ì≈  DN400,CDShxStyle,Ì≈  DN400,51725,"c(37488954.9759139, 2396773.01178062)",37488954.9759139,2396773.01178062
Text,PS_HSLtext,2,0,Ì≈  DN300,CDShxStyle,Ì≈  DN300,51726,"c(37488958.3016737, 2396779.28785183)",37488958.3016737,2396779.28785183
Text,PS_HSLtext,2,0,Ì≈  DN300,CDShxStyle,Ì≈  DN300,51727,"c(37488958.391334, 2396765.49454012)",37488958.391334,2396765.49454012
Text,PS_HSLtext,2,0,Ì≈  DN400,CDShxStyle,Ì≈  DN400,51728,"c(37488954.9354587, 2396752.60107177)",37488954.9354587,2396752.60107177
Text,PS_HSLtext,2,0,Ì≈  DN300,CDShxStyle,Ì≈  DN300,51729,"c(37488958.4052507, 2396738.85850006)",37488958.4052507,2396738.85850006
Text,PS_HSLtext,2,0,Ì≈  DN400,CDShxStyle,Ì≈  DN400,51730,"c(37488954.7479991, 2396730.9390395)",37488954.7479991,2396730.9390395
Text,PS_HSLtext,2,0,Ì≈  DN300,CDShxStyle,Ì≈  DN300,51731,"c(37488964.140649, 2396706.02677965)",37488964.140649,2396706.02677965
Text,PS_HSLtext,2,0,Ì≈  DN400,CDShxStyle,Ì≈  DN400,51732,"c(37488982.1896007, 2396999.08349159)",37488982.1896007,2396999.08349159
Text,PS_HSLtext,2,0,Ì≈  DN400,CDShxStyle,Ì≈  DN400,51733,"c(37489000.3899936, 2397002.82596533)",37489000.3899936,2397002.82596533
Text,PS_HSLtext,2,0,Ì≈  DN400,CDShxStyle,Ì≈  DN400,51734,"c(37489024.8507214, 2396999.09999704)",37489024.8507214,2396999.09999704
Text,PS_HSLtext,2,0,Ì≈  DN300,CDShxStyle,Ì≈  DN300,51735,"c(37489069.4486748, 2397002.69580309)",37489069.4486748,2397002.69580309
Text,PS_HSLtext,2,0,Ì≈  DN400,CDShxStyle,Ì≈  DN400,51736,"c(37489060.1341241, 2396999.14545935)",37489060.1341241,2396999.14545935
Text,PS_HSLtext,2,0,Ì≈  DN800,CDShxStyle,Ì≈  DN800,51737,"c(37489861.5824876, 2398195.08952014)",37489861.5824876,2398195.08952014
Text,PS_HSLtext,2,0,Ì≈  DN800,CDShxStyle,Ì≈  DN800,51738,"c(37489846.6065454, 2398196.01249909)",37489846.6065454,2398196.01249909
Text,PS_HSLtext,2,0,Ì≈  DN800,CDShxStyle,Ì≈  DN800,51739,"c(37489832.6992128, 2398195.04054506)",37489832.6992128,2398195.04054506
Text,PS_HSLtext,2,0,Ì≈  DN500,CDShxStyle,Ì≈  DN500,51740,"c(37489819.4350582, 2398195.04750377)",37489819.4350582,2398195.04750377
Text,PS_HSLtext,2,0,Ì≈  DN800,CDShxStyle,Ì≈  DN800,51741,"c(37489996.0513791, 2398215.23625836)",37489996.0513791,2398215.23625836
Text,PS_HSLtext,2,0,Ì≈  DN800,CDShxStyle,Ì≈  DN800,51742,"c(37490022.4038662, 2398219.4039868)",37490022.4038662,2398219.4039868
Text,PS_HSLtext,2,0,Ì≈  DN400,CDShxStyle,Ì≈  DN400,51743,"c(37488954.3664996, 2397159.68838445)",37488954.3664996,2397159.68838445
Text,PS_HSLtext,2,0,Ì≈  DN300,CDShxStyle,Ì≈  DN300,51744,"c(37488958.2127239, 2397156.76078279)",37488958.2127239,2397156.76078279
Text,PS_HSLtext,2,0,Ì≈  DN400,CDShxStyle,Ì≈  DN400,51745,"c(37488954.3089735, 2397151.59335497)",37488954.3089735,2397151.59335497
Text,PS_HSLtext,2,0,Ì≈  DN400,CDShxStyle,Ì≈  DN400,51746,"c(37489422.7012551, 2398612.56800308)",37489422.7012551,2398612.56800308
Text,PS_HSLtext,2,0,Ì≈  DN400,CDShxStyle,Ì≈  DN400,51747,"c(37488957.6134909, 2397257.34400979)",37488957.6134909,2397257.34400979
Text,PS_HSLtext,2,0,Ì≈  DN400,CDShxStyle,Ì≈  DN400,51748,"c(37488957.704, 2397232.8371)",37488957.704,2397232.8371
Text,PS_HSLtext,2,0,Ì≈  DN400,CDShxStyle,Ì≈  DN400,51749,"c(37488955.7243558, 2397220.94808822)",37488955.7243558,2397220.94808822
Text,PS_HSLtext,2,0,Ì≈  DN400,CDShxStyle,Ì≈  DN400,51750,"c(37488954.038485, 2397213.83436935)",37488954.038485,2397213.83436935
Text,PS_HSLtext,2,0,Ì≈  DN400,CDShxStyle,Ì≈  DN400,51751,"c(37488954.0664976, 2397204.11095024)",37488954.0664976,2397204.11095024
Text,PS_HSLtext,2,0,Ì≈  DN400,CDShxStyle,Ì≈  DN400,51752,"c(37488954.2114819, 2397181.14875774)",37488954.2114819,2397181.14875774
Text,PS_HSLtext,2,0,Ì≈  DN600,CDShxStyle,Ì≈  DN600,51753,"c(37489494.4774858, 2396479.09868267)",37489494.4774858,2396479.09868267
Text,PS_HSLtext,2,0,Ì≈  DN300,CDShxStyle,Ì≈  DN300,51754,"c(37488958.8451083, 2396705.77806228)",37488958.8451083,2396705.77806228
Text,PS_HSLtext,2,0,Ì≈  DN400,CDShxStyle,Ì≈  DN400,51755,"c(37488954.542862, 2396714.55725244)",37488954.542862,2396714.55725244
Text,PS_HSLtext,2,0,Ì≈  DN400,CDShxStyle,Ì≈  DN400,51756,"c(37488954.5103391, 2396700.37218339)",37488954.5103391,2396700.37218339
Text,PS_HSLtext,2,0,Ì≈  DN500,CDShxStyle,Ì≈  DN500,51757,"c(37488955.1314643, 2396684.17763832)",37488955.1314643,2396684.17763832
Text,PS_HSLtext,2,0,Ì≈  DN500,CDShxStyle,Ì≈  DN500,51758,"c(37488955.0846852, 2396659.6777599)",37488955.0846852,2396659.6777599
Text,PS_HSLtext,2,0,Ì≈  DN500,CDShxStyle,Ì≈  DN500,51759,"c(37488954.8119296, 2396631.0398892)",37488954.8119296,2396631.0398892
Text,PS_HSLtext,2,0,Ì≈  DN400,CDShxStyle,Ì≈  DN400,51760,"c(37488954.1714853, 2397003.08816628)",37488954.1714853,2397003.08816628
Text,PS_HSLtext,2,0,Ì≈  DN400,CDShxStyle,Ì≈  DN400,51761,"c(37488957.5633568, 2396999.1809713)",37488957.5633568,2396999.1809713
Text,PS_HSLtext,2,0,Ì≈  DN300,CDShxStyle,Ì≈  DN300,51762,"c(37488965.1454249, 2397002.31933658)",37488965.1454249,2397002.31933658
Text,PS_HSLtext,2,0,Ì≈  DN500,CDShxStyle,Ì≈  DN500,51763,"c(37488954.9033402, 2396610.94336046)",37488954.9033402,2396610.94336046
Text,PS_HSLtext,2,0,Ì≈  DN300,CDShxStyle,Ì≈  DN300,51764,"c(37489644.0118303, 2397151.38437815)",37489644.0118303,2397151.38437815
Text,PS_HSLtext,2,0,Ì≈  DN1500X2500,CDShxStyle,Ì≈  DN1500X2500,51765,"c(37489204.5440465, 2396484.91965048)",37489204.5440465,2396484.91965048
Text,PS_HSLtext,2,0,Ì≈  DN600,CDShxStyle,Ì≈  DN600,51766,"c(37489614.5168686, 2396984.73226493)",37489614.5168686,2396984.73226493
Text,PS_HSLtext,2,0,Ì≈  DN600,CDShxStyle,Ì≈  DN600,51767,"c(37489593.3147207, 2396981.68957695)",37489593.3147207,2396981.68957695
Text,PS_HSLtext,2,0,PVC  DN300,CDShxStyle,PVC  DN300,51768,"c(37489597.412026, 2396985.1421487)",37489597.412026,2396985.1421487
Text,PS_HSLtext,2,0,Ì≈  DN600,CDShxStyle,Ì≈  DN600,51769,"c(37489587.1801814, 2396980.79571697)",37489587.1801814,2396980.79571697
Text,PS_HSLtext,2,0,PVC  DN400,CDShxStyle,PVC  DN400,51770,"c(37489592.6315199, 2396973.48997675)",37489592.6315199,2396973.48997675
Text,PS_HSLtext,2,0,PVC  DN400,CDShxStyle,PVC  DN400,51771,"c(37489590.5928136, 2396979.25257196)",37489590.5928136,2396979.25257196
Text,PS_HSLtext,2,0,PVC  DN400,CDShxStyle,PVC  DN400,51772,"c(37489588.9118724, 2396977.51691752)",37489588.9118724,2396977.51691752
Text,PS_HSLtext,2,0,PVC  DN400,CDShxStyle,PVC  DN400,51773,"c(37489583.1385207, 2396976.82417485)",37489583.1385207,2396976.82417485
Text,PS_HSLtext,2,0,PVC  DN300,CDShxStyle,PVC  DN300,51774,"c(37489584.1710342, 2396983.75733071)",37489584.1710342,2396983.75733071
Text,PS_HSLtext,2,0,Ì≈  DN600,CDShxStyle,Ì≈  DN600,51775,"c(37489578.1819937, 2396979.70450565)",37489578.1819937,2396979.70450565
Text,PS_HSLtext,2,0,PVC  DN300,CDShxStyle,PVC  DN300,51776,"c(37489573.9284114, 2396981.97298143)",37489573.9284114,2396981.97298143
Text,PS_HSLtext,2,0,Ì≈  DN600,CDShxStyle,Ì≈  DN600,51777,"c(37489556.9691345, 2396977.19887572)",37489556.9691345,2396977.19887572
Text,PS_HSLtext,2,0,Ì≈  DN600,CDShxStyle,Ì≈  DN600,51778,"c(37489526.7977675, 2396973.23068238)",37489526.7977675,2396973.23068238
Text,PS_HSLtext,2,0,Ì≈  DN600,CDShxStyle,Ì≈  DN600,51779,"c(37489493.8018397, 2396968.82765688)",37489493.8018397,2396968.82765688
Text,PS_HSLtext,2,0,Ì≈  DN300,CDShxStyle,Ì≈  DN300,51780,"c(37489759.1565383, 2398202.22868516)",37489759.1565383,2398202.22868516
Text,PS_HSLtext,2,0,Ì≈  DN300,CDShxStyle,Ì≈  DN300,51781,"c(37489784.0466106, 2398202.18251792)",37489784.0466106,2398202.18251792
Text,PS_HSLtext,2,0,Ì≈  DN300,CDShxStyle,Ì≈  DN300,51782,"c(37489699.8104559, 2398202.07281721)",37489699.8104559,2398202.07281721
Text,PS_HSLtext,2,0,Ì≈  DN300,CDShxStyle,Ì≈  DN300,51783,"c(37489678.4412093, 2398202.10887643)",37489678.4412093,2398202.10887643
Text,PS_HSLtext,2,0,PVC  DN100,CDShxStyle,PVC  DN100,51784,"c(37489673.9600923, 2398194.41299999)",37489673.9600923,2398194.41299999
Text,PS_HSLtext,2,0,Ì≈  DN200,CDShxStyle,Ì≈  DN200,51785,"c(37489646.9890002, 2398202.12851445)",37489646.9890002,2398202.12851445
Text,PS_HSLtext,2,0,PVC  DN100,CDShxStyle,PVC  DN100,51786,"c(37489584.9453171, 2398193.46250047)",37489584.9453171,2398193.46250047
Text,PS_HSLtext,2,0,PVC  DN200,CDShxStyle,PVC  DN200,51787,"c(37489574.5729239, 2398202.14918045)",37489574.5729239,2398202.14918045
Text,PS_HSLtext,2,0,PVC  DN200,CDShxStyle,PVC  DN200,51788,"c(37489559.1035109, 2398202.15419964)",37489559.1035109,2398202.15419964
Text,PS_HSLtext,2,0,PVC  DN200,CDShxStyle,PVC  DN200,51789,"c(37489529.1375042, 2398202.16895783)",37489529.1375042,2398202.16895783
Text,PS_HSLtext,2,0,PVC  DN200,CDShxStyle,PVC  DN200,51790,"c(37489504.1005284, 2398202.15667273)",37489504.1005284,2398202.15667273
Text,PS_HSLtext,2,0,PVC  DN200,CDShxStyle,PVC  DN200,51791,"c(37489443.7446752, 2398202.08202322)",37489443.7446752,2398202.08202322
Text,PS_HSLtext,2,0,Ì≈  DN500,CDShxStyle,Ì≈  DN500,51792,"c(37489456.2824903, 2398213.68449902)",37489456.2824903,2398213.68449902
Text,PS_HSLtext,2,0,PVC  DN200,CDShxStyle,PVC  DN200,51793,"c(37489463.6827414, 2398210.94549942)",37489463.6827414,2398210.94549942
Text,PS_HSLtext,2,0,Ì≈  DN500,CDShxStyle,Ì≈  DN500,51794,"c(37489426.5537024, 2398224.70275147)",37489426.5537024,2398224.70275147
Text,PS_HSLtext,2,0,Ì≈  DN500,CDShxStyle,Ì≈  DN500,51795,"c(37489483.1261492, 2398213.78598107)",37489483.1261492,2398213.78598107
Text,PS_HSLtext,2,0,PVC  DN200,CDShxStyle,PVC  DN200,51796,"c(37489497.2120593, 2398199.42779717)",37489497.2120593,2398199.42779717
Text,PS_HSLtext,2,0,Ì≈  DN500,CDShxStyle,Ì≈  DN500,51797,"c(37489544.2716864, 2398213.75599278)",37489544.2716864,2398213.75599278
Text,PS_HSLtext,2,0,Ì≈  DN500,CDShxStyle,Ì≈  DN500,51798,"c(37489582.0495813, 2398213.58049982)",37489582.0495813,2398213.58049982
Text,PS_HSLtext,2,0,Ì≈  DN500,CDShxStyle,Ì≈  DN500,51799,"c(37489604.2646477, 2398213.65499447)",37489604.2646477,2398213.65499447
Text,PS_HSLtext,2,0,Ì≈  DN200,CDShxStyle,Ì≈  DN200,51800,"c(37489618.3335236, 2398202.14002211)",37489618.3335236,2398202.14002211
Text,PS_HSLtext,2,0,Ì≈  DN500,CDShxStyle,Ì≈  DN500,51801,"c(37489633.1007956, 2398213.71449991)",37489633.1007956,2398213.71449991
Text,PS_HSLtext,2,0,Ì≈  DN500,CDShxStyle,Ì≈  DN500,51802,"c(37489663.2077261, 2398214.09234933)",37489663.2077261,2398214.09234933
Text,PS_HSLtext,2,0,Ì≈  DN500,CDShxStyle,Ì≈  DN500,51803,"c(37489716.8809945, 2398280.71216005)",37489716.8809945,2398280.71216005
Text,PS_HSLtext,2,0,Ì≈  DN500,CDShxStyle,Ì≈  DN500,51804,"c(37489717.0683354, 2398262.05232761)",37489717.0683354,2398262.05232761
Text,PS_HSLtext,2,0,Ì≈  DN500,CDShxStyle,Ì≈  DN500,51805,"c(37489717.4024611, 2398244.85273914)",37489717.4024611,2398244.85273914
Text,PS_HSLtext,2,0,Ì≈  DN500,CDShxStyle,Ì≈  DN500,51806,"c(37489717.716909, 2398225.56053956)",37489717.716909,2398225.56053956
Text,PS_HSLtext,2,0,Ì≈  DN1000X1000,CDShxStyle,Ì≈  DN1000X1000,51807,"c(37489742.1782754, 2397724.82042795)",37489742.1782754,2397724.82042795
Text,PS_HSLtext,2,0,Ì≈  DN400,CDShxStyle,Ì≈  DN400,51808,"c(37489728.1856179, 2399056.11834865)",37489728.1856179,2399056.11834865
Text,PS_HSLtext,2,0,Ì≈  DN300,CDShxStyle,Ì≈  DN300,51809,"c(37489641.5947776, 2397166.38915375)",37489641.5947776,2397166.38915375
Text,PS_HSLtext,2,0,Ì≈  DN300,CDShxStyle,Ì≈  DN300,51810,"c(37489639.6957771, 2397182.77837498)",37489639.6957771,2397182.77837498
Text,PS_HSLtext,2,0,Ì≈  DN300,CDShxStyle,Ì≈  DN300,51811,"c(37489637.932686, 2397209.11331699)",37489637.932686,2397209.11331699
Text,PS_HSLtext,2,0,Ì≈  DN600,CDShxStyle,Ì≈  DN600,51812,"c(37489583.9738499, 2396482.41257483)",37489583.9738499,2396482.41257483
Text,PS_HSLtext,2,0,Ì≈  DN500,CDShxStyle,Ì≈  DN500,51813,"c(37489693.6285702, 2396750.11740913)",37489693.6285702,2396750.11740913
Text,PS_HSLtext,2,0,Ì≈  DN300,CDShxStyle,Ì≈  DN300,51814,"c(37489672.8238242, 2396897.15673997)",37489672.8238242,2396897.15673997
Text,PS_HSLtext,2,0,Ì≈  DN500,CDShxStyle,Ì≈  DN500,51815,"c(37489689.4919621, 2398214.36397016)",37489689.4919621,2398214.36397016
Text,PS_HSLtext,2,0,Ì≈  DN500,CDShxStyle,Ì≈  DN500,51816,"c(37489705.8037336, 2398213.99752743)",37489705.8037336,2398213.99752743
Text,PS_HSLtext,2,0,Ì≈  DN500,CDShxStyle,Ì≈  DN500,51817,"c(37489714.5116107, 2398213.77597609)",37489714.5116107,2398213.77597609
Text,PS_HSLtext,2,0,Ì≈  DN200,CDShxStyle,Ì≈  DN200,51818,"c(37489712.37912, 2398218.75534841)",37489712.37912,2398218.75534841
Text,PS_HSLtext,2,0,Ì≈  DN200,CDShxStyle,Ì≈  DN200,51819,"c(37489711.3881401, 2398199.00416297)",37489711.3881401,2398199.00416297
Text,PS_HSLtext,2,0,Ì≈  DN500,CDShxStyle,Ì≈  DN500,51820,"c(37489723.9791154, 2398213.84249168)",37489723.9791154,2398213.84249168
Text,PS_HSLtext,2,0,Ì≈  DN500,CDShxStyle,Ì≈  DN500,51821,"c(37489744.8072738, 2398213.68595411)",37489744.8072738,2398213.68595411
Text,PS_HSLtext,2,0,Ì≈  DN500,CDShxStyle,Ì≈  DN500,51822,"c(37489771.9357378, 2398213.54999488)",37489771.9357378,2398213.54999488
Text,PS_HSLtext,2,0,Ì≈  DN600,CDShxStyle,Ì≈  DN600,51823,"c(37489796.8457028, 2398213.51848629)",37489796.8457028,2398213.51848629
Text,PS_HSLtext,2,0,Ì≈  DN600,CDShxStyle,Ì≈  DN600,51824,"c(37489823.8173289, 2398213.31498534)",37489823.8173289,2398213.31498534
Text,PS_HSLtext,2,0,Ì≈  DN400,CDShxStyle,Ì≈  DN400,51825,"c(37489830.8897095, 2398203.31795792)",37489830.8897095,2398203.31795792
Text,PS_HSLtext,2,0,Ì≈  DN300,CDShxStyle,Ì≈  DN300,51826,"c(37489834.1585814, 2398215.76524556)",37489834.1585814,2398215.76524556
Text,PS_HSLtext,2,0,Ì≈  DN800,CDShxStyle,Ì≈  DN800,51827,"c(37489880.240871, 2398213.46488701)",37489880.240871,2398213.46488701
Text,PS_HSLtext,2,0,Ì≈  DN800,CDShxStyle,Ì≈  DN800,51828,"c(37489853.6672161, 2398213.20949992)",37489853.6672161,2398213.20949992
Text,PS_HSLtext,2,0,Ì≈  DN800,CDShxStyle,Ì≈  DN800,51829,"c(37489913.0988982, 2398213.5464848)",37489913.0988982,2398213.5464848
Text,PS_HSLtext,2,0,Ì≈  DN800,CDShxStyle,Ì≈  DN800,51830,"c(37489946.6233876, 2398213.24847097)",37489946.6233876,2398213.24847097
Text,PS_HSLtext,2,0,Ì≈  DN400,CDShxStyle,Ì≈  DN400,51831,"c(37489800.5702863, 2397448.12485344)",37489800.5702863,2397448.12485344
Text,PS_HSLtext,2,0,Ì≈  DN300,CDShxStyle,Ì≈  DN300,51832,"c(37489794.0297185, 2397437.9907806)",37489794.0297185,2397437.9907806
Text,PS_HSLtext,2,0,Ì≈  DN300,CDShxStyle,Ì≈  DN300,51833,"c(37489809.5254883, 2397454.71308491)",37489809.5254883,2397454.71308491
Text,PS_HSLtext,2,0,Ì≈  DN300,CDShxStyle,Ì≈  DN300,51834,"c(37489823.2246076, 2397447.96797958)",37489823.2246076,2397447.96797958
Text,PS_HSLtext,2,0,Ì≈  DN400,CDShxStyle,Ì≈  DN400,51835,"c(37489815.3182966, 2397453.3538118)",37489815.3182966,2397453.3538118
Text,PS_HSLtext,2,0,Ì≈  DN500,CDShxStyle,Ì≈  DN500,51836,"c(37489833.0560485, 2397462.67727287)",37489833.0560485,2397462.67727287
Text,PS_HSLtext,2,0,Ì≈  DN300,CDShxStyle,Ì≈  DN300,51837,"c(37489849.7905035, 2397465.56029497)",37489849.7905035,2397465.56029497
Text,PS_HSLtext,2,0,Ì≈  DN300,CDShxStyle,Ì≈  DN300,51838,"c(37489865.9625244, 2397507.58420765)",37489865.9625244,2397507.58420765
Text,PS_HSLtext,2,0,Ì≈  DN500,CDShxStyle,Ì≈  DN500,51839,"c(37489851.8803255, 2397490.14184471)",37489851.8803255,2397490.14184471
Text,PS_HSLtext,2,0,Ì≈  DN500,CDShxStyle,Ì≈  DN500,51840,"c(37489865.6704706, 2397529.23804766)",37489865.6704706,2397529.23804766
Text,PS_HSLtext,2,0,Ì≈  DN300,CDShxStyle,Ì≈  DN300,51841,"c(37489878.8680962, 2397545.02979717)",37489878.8680962,2397545.02979717
Text,PS_HSLtext,2,0,Ì≈  DN300,CDShxStyle,Ì≈  DN300,51842,"c(37489908.5003174, 2397630.82347365)",37489908.5003174,2397630.82347365
Text,PS_HSLtext,2,0,PVC  DN300,CDShxStyle,PVC  DN300,51843,"c(37489915.8744502, 2397628.50098641)",37489915.8744502,2397628.50098641
Text,PS_HSLtext,2,0,Ì≈  DN500,CDShxStyle,Ì≈  DN500,51844,"c(37489886.8669333, 2397590.68528179)",37489886.8669333,2397590.68528179
Text,PS_HSLtext,2,0,Ì≈  DN300,CDShxStyle,Ì≈  DN300,51845,"c(37489917.9585858, 2397658.26321075)",37489917.9585858,2397658.26321075
Text,PS_HSLtext,2,0,Ì≈  DN500,CDShxStyle,Ì≈  DN500,51846,"c(37489906.4983357, 2397647.08455956)",37489906.4983357,2397647.08455956
Text,PS_HSLtext,2,0,Ì≈  DN1000,CDShxStyle,Ì≈  DN1000,51847,"c(37489919.4803977, 2397663.7865209)",37489919.4803977,2397663.7865209
Text,PS_HSLtext,2,0,Ì≈  DN1000,CDShxStyle,Ì≈  DN1000,51848,"c(37489931.6595861, 2397645.34505562)",37489931.6595861,2397645.34505562
Text,PS_HSLtext,2,0,Ì≈  DN200,CDShxStyle,Ì≈  DN200,51849,"c(37489926.1293495, 2397682.09163246)",37489926.1293495,2397682.09163246
Text,PS_HSLtext,2,0,Ì≈  DN300,CDShxStyle,Ì≈  DN300,51850,"c(37489916.7078184, 2397684.63840721)",37489916.7078184,2397684.63840721
Text,PS_HSLtext,2,0,Ì≈  DN600,CDShxStyle,Ì≈  DN600,51851,"c(37489921.2321243, 2397699.07666087)",37489921.2321243,2397699.07666087
Text,PS_HSLtext,2,0,Ì≈  DN500,CDShxStyle,Ì≈  DN500,51852,"c(37489928.9531944, 2397711.51702781)",37489928.9531944,2397711.51702781
Text,PS_HSLtext,2,0,Ì≈  DN500,CDShxStyle,Ì≈  DN500,51853,"c(37489912.0984932, 2397673.49160453)",37489912.0984932,2397673.49160453
Text,PS_HSLtext,2,0,Ì≈  DN200,CDShxStyle,Ì≈  DN200,51854,"c(37489911.0370321, 2397695.28695848)",37489911.0370321,2397695.28695848
Text,PS_HSLtext,2,0,Ì≈  DN500,CDShxStyle,Ì≈  DN500,51855,"c(37489935.2193683, 2397729.58369837)",37489935.2193683,2397729.58369837
Text,PS_HSLtext,2,0,Ì≈  DN200,CDShxStyle,Ì≈  DN200,51856,"c(37489938.23956, 2397720.10290957)",37489938.23956,2397720.10290957
Text,PS_HSLtext,2,0,Ì≈  DN300,CDShxStyle,Ì≈  DN300,51857,"c(37489944.3030421, 2397734.62097975)",37489944.3030421,2397734.62097975
Text,PS_HSLtext,2,0,Ì≈  DN300,CDShxStyle,Ì≈  DN300,51858,"c(37489955.8194895, 2397768.31316733)",37489955.8194895,2397768.31316733
Text,PS_HSLtext,2,0,Ì≈  DN800,CDShxStyle,Ì≈  DN800,51859,"c(37489944.5797695, 2397753.92670517)",37489944.5797695,2397753.92670517
Text,PS_HSLtext,2,0,Ì≈  DN300,CDShxStyle,Ì≈  DN300,51860,"c(37489978.9204459, 2397836.52902844)",37489978.9204459,2397836.52902844
Text,PS_HSLtext,2,0,Ì≈  DN800,CDShxStyle,Ì≈  DN800,51861,"c(37489962.0067729, 2397804.71825552)",37489962.0067729,2397804.71825552
Text,PS_HSLtext,2,0,Ì≈  DN300,CDShxStyle,Ì≈  DN300,51862,"c(37490003.2972684, 2397904.53522)",37490003.2972684,2397904.53522
Text,PS_HSLtext,2,0,Ì≈  DN800,CDShxStyle,Ì≈  DN800,51863,"c(37489985.6805006, 2397872.96652887)",37489985.6805006,2397872.96652887
Text,PS_HSLtext,2,0,Ì≈  DN300,CDShxStyle,Ì≈  DN300,51864,"c(37490022.5914729, 2397960.51638408)",37490022.5914729,2397960.51638408
Text,PS_HSLtext,2,0,Ì≈  DN800,CDShxStyle,Ì≈  DN800,51865,"c(37490007.4318599, 2397934.85520731)",37490007.4318599,2397934.85520731
Text,PS_HSLtext,2,0,Ì≈  DN300,CDShxStyle,Ì≈  DN300,51866,"c(37490034.011908, 2398001.70150415)",37490034.011908,2398001.70150415
Text,PS_HSLtext,2,0,Ì≈  DN800,CDShxStyle,Ì≈  DN800,51867,"c(37490022.5282478, 2397982.7915561)",37490022.5282478,2397982.7915561
Text,PS_HSLtext,2,0,Ì≈  DN300,CDShxStyle,Ì≈  DN300,51868,"c(37490037.0273327, 2398040.5331138)",37490037.0273327,2398040.5331138
Text,PS_HSLtext,2,0,Ì≈  DN800,CDShxStyle,Ì≈  DN800,51869,"c(37490029.3369117, 2398022.11867774)",37490029.3369117,2398022.11867774
Text,PS_HSLtext,2,0,Ì≈  DN300,CDShxStyle,Ì≈  DN300,51870,"c(37490037.0663784, 2398095.22400687)",37490037.0663784,2398095.22400687
Text,PS_HSLtext,2,0,Ì≈  DN1500X2500,CDShxStyle,Ì≈  DN1500X2500,51871,"c(37489285.143586, 2396211.90355083)",37489285.143586,2396211.90355083
Text,PS_HSLtext,2,0,Ì≈  DN1500X2500,CDShxStyle,Ì≈  DN1500X2500,51872,"c(37489284.5595619, 2396203.9774816)",37489284.5595619,2396203.9774816
Text,PS_HSLtext,2,0,Ì≈  DN1000X2500,CDShxStyle,Ì≈  DN1000X2500,51873,"c(37489726.2536113, 2397707.58571034)",37489726.2536113,2397707.58571034
Text,PS_HSLtext,2,0,Ì≈  DN800,CDShxStyle,Ì≈  DN800,51874,"c(37489970.8630188, 2398213.12749977)",37489970.8630188,2398213.12749977
Text,PS_HSLtext,2,0,Ì≈  DN1000,CDShxStyle,Ì≈  DN1000,51875,"c(37489928.8893237, 2397744.09144558)",37489928.8893237,2397744.09144558
Text,PS_HSLtext,2,0,Ì≈  DN1000X3000,CDShxStyle,Ì≈  DN1000X3000,51876,"c(37489898.4312136, 2397699.09125302)",37489898.4312136,2397699.09125302
Text,PS_HSLtext,2,0,Ì≈  DN600,CDShxStyle,Ì≈  DN600,51877,"c(37489462.5918083, 2396965.65518937)",37489462.5918083,2396965.65518937
Text,PS_HSLtext,2,0,Ì≈  DN800,CDShxStyle,Ì≈  DN800,51878,"c(37490029.5594316, 2398068.56733341)",37490029.5594316,2398068.56733341
Text,PS_HSLtext,2,0,Ì≈  DN200,CDShxStyle,Ì≈  DN200,51879,"c(37490036.9049661, 2398147.00959243)",37490036.9049661,2398147.00959243
Text,PS_HSLtext,2,0,Ì≈  DN800,CDShxStyle,Ì≈  DN800,51880,"c(37490028.2924995, 2398121.52830883)",37490028.2924995,2398121.52830883
Text,PS_HSLtext,2,0,Ì≈  DN300,CDShxStyle,Ì≈  DN300,51881,"c(37490036.7890243, 2398167.04309072)",37490036.7890243,2398167.04309072
Text,PS_HSLtext,2,0,Ì≈  DN800,CDShxStyle,Ì≈  DN800,51882,"c(37490028.298998, 2398157.38192569)",37490028.298998,2398157.38192569
Text,PS_HSLtext,2,0,Ì≈  DN800,CDShxStyle,Ì≈  DN800,51883,"c(37490028.137936, 2398175.80750043)",37490028.137936,2398175.80750043
Text,PS_HSLtext,2,0,Ì≈  DN800,CDShxStyle,Ì≈  DN800,51884,"c(37490023.2338747, 2398191.83499548)",37490023.2338747,2398191.83499548
Text,PS_HSLtext,2,0,Ì≈  DN800,CDShxStyle,Ì≈  DN800,51885,"c(37490028.1058128, 2398187.68731775)",37490028.1058128,2398187.68731775
Text,PS_HSLtext,2,0,Ì≈  DN300,CDShxStyle,Ì≈  DN300,51886,"c(37490069.4699911, 2398202.2860157)",37490069.4699911,2398202.2860157
Text,PS_HSLtext,2,0,Ì≈  DN1000,CDShxStyle,Ì≈  DN1000,51887,"c(37490051.9198459, 2398218.39900995)",37490051.9198459,2398218.39900995
Text,PS_HSLtext,2,0,Ì≈  DN1000,CDShxStyle,Ì≈  DN1000,51888,"c(37490095.7958681, 2398219.05498092)",37490095.7958681,2398219.05498092
Text,PS_HSLtext,2,0,Ì≈  DN1200X1700,CDShxStyle,Ì≈  DN1200X1700,51889,"c(37489405.3921259, 2396238.83833739)",37489405.3921259,2396238.83833739
Text,PS_HSLtext,2,0,Ì≈  DN1200X1700,CDShxStyle,Ì≈  DN1200X1700,51890,"c(37489409.3497067, 2396211.70532845)",37489409.3497067,2396211.70532845
Text,PS_HSLtext,2,0,Ì≈  DN1200X1700,CDShxStyle,Ì≈  DN1200X1700,51891,"c(37489412.9874804, 2396188.10192528)",37489412.9874804,2396188.10192528
Text,PS_HSLtext,2,0,Ì≈  DN1200X1700,CDShxStyle,Ì≈  DN1200X1700,51892,"c(37489393.4327159, 2396171.37414978)",37489393.4327159,2396171.37414978
Text,PS_HSLtext,2,0,Ì≈  DN1200X1700,CDShxStyle,Ì≈  DN1200X1700,51893,"c(37489369.837469, 2396173.84842692)",37489369.837469,2396173.84842692
Text,PS_HSLtext,2,0,Ì≈  DN1200X1700,CDShxStyle,Ì≈  DN1200X1700,51894,"c(37489334.0549331, 2396185.44230917)",37489334.0549331,2396185.44230917
Text,PS_HSLtext,2,0,PVC  DN300,CDShxStyle,PVC  DN300,51895,"c(37489363.7067727, 2396172.33074741)",37489363.7067727,2396172.33074741
Text,PS_HSLtext,2,0,Ì≈  DN1000,CDShxStyle,Ì≈  DN1000,51896,"c(37489292.3609662, 2396196.93003839)",37489292.3609662,2396196.93003839
Text,PS_HSLtext,2,0,Ì≈  DN1000,CDShxStyle,Ì≈  DN1000,51897,"c(37489271.9849186, 2396148.52765064)",37489271.9849186,2396148.52765064
Text,PS_HSLtext,2,0,Ì≈  DN1500X2500,CDShxStyle,Ì≈  DN1500X2500,51898,"c(37489197.4417091, 2396468.68300717)",37489197.4417091,2396468.68300717
Text,PS_HSLtext,2,0,Ì≈  DN1500X2500,CDShxStyle,Ì≈  DN1500X2500,51899,"c(37489200.4192338, 2396460.29903621)",37489200.4192338,2396460.29903621
Text,PS_HSLtext,2,0,Ì≈  DN1500X2500,CDShxStyle,Ì≈  DN1500X2500,51900,"c(37489203.8416159, 2396446.07968414)",37489203.8416159,2396446.07968414
Text,PS_HSLtext,2,0,Ì≈  DN1500X2500,CDShxStyle,Ì≈  DN1500X2500,51901,"c(37489207.8855393, 2396428.24263767)",37489207.8855393,2396428.24263767
Text,PS_HSLtext,2,0,Ì≈  DN1500X2500,CDShxStyle,Ì≈  DN1500X2500,51902,"c(37489212.8971856, 2396415.47439799)",37489212.8971856,2396415.47439799
Text,PS_HSLtext,2,0,Ì≈  DN1500X2500,CDShxStyle,Ì≈  DN1500X2500,51903,"c(37489217.8442637, 2396406.72641173)",37489217.8442637,2396406.72641173
Text,PS_HSLtext,2,0,Ì≈  DN1500X2500,CDShxStyle,Ì≈  DN1500X2500,51904,"c(37489220.5084493, 2396386.87862188)",37489220.5084493,2396386.87862188
Text,PS_HSLtext,2,0,Ì≈  DN1500X2500,CDShxStyle,Ì≈  DN1500X2500,51905,"c(37489222.1684794, 2396368.48924606)",37489222.1684794,2396368.48924606
Text,PS_HSLtext,2,0,Ì≈  DN1500X2500,CDShxStyle,Ì≈  DN1500X2500,51906,"c(37489227.6893262, 2396360.93777906)",37489227.6893262,2396360.93777906
Text,PS_HSLtext,2,0,Ì≈  DN1500X2500,CDShxStyle,Ì≈  DN1500X2500,51907,"c(37489238.6720727, 2396348.03110326)",37489238.6720727,2396348.03110326
Text,PS_HSLtext,2,0,Ì≈  DN1500X2500,CDShxStyle,Ì≈  DN1500X2500,51908,"c(37489248.4597578, 2396332.90508616)",37489248.4597578,2396332.90508616
Text,PS_HSLtext,2,0,Ì≈  DN1500X2500,CDShxStyle,Ì≈  DN1500X2500,51909,"c(37489254.9729486, 2396315.96478825)",37489254.9729486,2396315.96478825
Text,PS_HSLtext,2,0,Ì≈  DN1500X2500,CDShxStyle,Ì≈  DN1500X2500,51910,"c(37489258.7238039, 2396299.30500294)",37489258.7238039,2396299.30500294
Text,PS_HSLtext,2,0,Ì≈  DN1500X2500,CDShxStyle,Ì≈  DN1500X2500,51911,"c(37489257.2326649, 2396286.40869391)",37489257.2326649,2396286.40869391
Text,PS_HSLtext,2,0,Ì≈  DN1500X2500,CDShxStyle,Ì≈  DN1500X2500,51912,"c(37489257.1935735, 2396267.84438446)",37489257.1935735,2396267.84438446
Text,PS_HSLtext,2,0,Ì≈  DN1500X2500,CDShxStyle,Ì≈  DN1500X2500,51913,"c(37489261.104224, 2396250.32393734)",37489261.104224,2396250.32393734
Text,PS_HSLtext,2,0,Ì≈  DN1500X2500,CDShxStyle,Ì≈  DN1500X2500,51914,"c(37489265.5651518, 2396242.34186899)",37489265.5651518,2396242.34186899
Text,PS_HSLtext,2,0,Ì≈  DN1500X2500,CDShxStyle,Ì≈  DN1500X2500,51915,"c(37489274.7397953, 2396236.61407243)",37489274.7397953,2396236.61407243
Text,PS_HSLtext,2,0,Ì≈  DN1500X2500,CDShxStyle,Ì≈  DN1500X2500,51916,"c(37489284.0944095, 2396231.28347142)",37489284.0944095,2396231.28347142
Text,PS_HSLtext,2,0,Ì≈  DN1500X2500,CDShxStyle,Ì≈  DN1500X2500,51917,"c(37489287.1866886, 2396220.08489533)",37489287.1866886,2396220.08489533
Text,PS_HSLtext,2,0,Ì≈  DN1000X3000,CDShxStyle,Ì≈  DN1000X3000,51918,"c(37489764.2001201, 2397720.49152587)",37489764.2001201,2397720.49152587
Text,PS_HSLtext,2,0,Ì≈  DN1000X3000,CDShxStyle,Ì≈  DN1000X3000,51919,"c(37489793.3370007, 2397710.54011299)",37489793.3370007,2397710.54011299
Text,PS_HSLtext,2,0,Ì≈  DN1000X3000,CDShxStyle,Ì≈  DN1000X3000,51920,"c(37489840.3838146, 2397704.16731854)",37489840.3838146,2397704.16731854
Text,PS_HSLtext,2,0,Ì≈  DN1000X3000,CDShxStyle,Ì≈  DN1000X3000,51921,"c(37489873.8810102, 2397700.58828514)",37489873.8810102,2397700.58828514
Text,PS_HSLtext,2,0,Ì≈  DN1000X2500,CDShxStyle,Ì≈  DN1000X2500,51922,"c(37489748.1095605, 2397710.82224022)",37489748.1095605,2397710.82224022
Text,PS_HSLtext,2,0,Ì≈  DN200,CDShxStyle,Ì≈  DN200,51923,"c(37489719.277426, 2398291.84781985)",37489719.277426,2398291.84781985
Text,PS_HSLtext,2,0,Ì≈  DN200,CDShxStyle,Ì≈  DN200,51924,"c(37489718.6601497, 2398286.94144851)",37489718.6601497,2398286.94144851
Text,PS_HSLtext,2,0,Ì≈  DN200,CDShxStyle,Ì≈  DN200,51925,"c(37489719.3140029, 2398272.28341454)",37489719.3140029,2398272.28341454
Text,PS_HSLtext,2,0,Ì≈  DN200,CDShxStyle,Ì≈  DN200,51926,"c(37489718.7211626, 2398267.35316663)",37489718.7211626,2398267.35316663
Text,PS_HSLtext,2,0,Ì≈  DN200,CDShxStyle,Ì≈  DN200,51927,"c(37489719.5685879, 2398253.14388898)",37489719.5685879,2398253.14388898
Text,PS_HSLtext,2,0,Ì≈  DN200,CDShxStyle,Ì≈  DN200,51928,"c(37489719.0454315, 2398248.3511565)",37489719.0454315,2398248.3511565
Text,PS_HSLtext,2,0,Ì≈  DN200,CDShxStyle,Ì≈  DN200,51929,"c(37489714.0854699, 2398249.04227509)",37489714.0854699,2398249.04227509
Text,PS_HSLtext,2,0,Ì≈  DN200,CDShxStyle,Ì≈  DN200,51930,"c(37489714.7171444, 2398312.72741015)",37489714.7171444,2398312.72741015
Text,PS_HSLtext,2,0,Ì≈  DN200,CDShxStyle,Ì≈  DN200,51931,"c(37489714.6046841, 2398292.59747098)",37489714.6046841,2398292.59747098
Text,PS_HSLtext,2,0,Ì≈  DN200,CDShxStyle,Ì≈  DN200,51932,"c(37489713.9056788, 2398287.43115226)",37489713.9056788,2398287.43115226
Text,PS_HSLtext,2,0,Ì≈  DN200,CDShxStyle,Ì≈  DN200,51933,"c(37489714.5738441, 2398273.05648842)",37489714.5738441,2398273.05648842
Text,PS_HSLtext,2,0,Ì≈  DN200,CDShxStyle,Ì≈  DN200,51934,"c(37489713.794632, 2398267.93679668)",37489713.794632,2398267.93679668
Text,PS_HSLtext,2,0,Ì≈  DN500,CDShxStyle,Ì≈  DN500,51935,"c(37489716.871992, 2398299.89632319)",37489716.871992,2398299.89632319
Text,PS_HSLtext,2,0,Ì≈  DN300,CDShxStyle,Ì≈  DN300,51936,"c(37489673.7124905, 2396901.26287332)",37489673.7124905,2396901.26287332
Text,PS_HSLtext,2,0,Ì≈  DN300,CDShxStyle,Ì≈  DN300,51937,"c(37489663.4605121, 2396975.63906601)",37489663.4605121,2396975.63906601
Text,PS_HSLtext,2,0,Ì≈  DN300,CDShxStyle,Ì≈  DN300,51938,"c(37489655.5663215, 2397067.25350581)",37489655.5663215,2397067.25350581
Text,PS_HSLtext,2,0,Ì≈  DN600,CDShxStyle,Ì≈  DN600,51939,"c(37488851.0180528, 2399943.88036131)",37488851.0180528,2399943.88036131
Text,PS_HSLtext,2,0,Ì≈  DN600,CDShxStyle,Ì≈  DN600,51940,"c(37488873.6961891, 2399955.07153996)",37488873.6961891,2399955.07153996
Text,PS_HSLtext,2,0,Ì≈  DN600,CDShxStyle,Ì≈  DN600,51941,"c(37488898.7130803, 2399962.77140718)",37488898.7130803,2399962.77140718
Text,PS_HSLtext,2,0,Ì≈  DN400,CDShxStyle,Ì≈  DN400,51942,"c(37489730.2452671, 2399067.42486179)",37489730.2452671,2399067.42486179
Text,PS_HSLtext,2,0,Ì≈  DN500,CDShxStyle,Ì≈  DN500,51943,"c(37489696.2867673, 2396728.87226516)",37489696.2867673,2396728.87226516
Text,PS_HSLtext,2,0,Ì≈  DN300,CDShxStyle,Ì≈  DN300,51944,"c(37489694.4015273, 2396718.91227577)",37489694.4015273,2396718.91227577
Text,PS_HSLtext,2,0,Ì≈  DN300,CDShxStyle,Ì≈  DN300,51945,"c(37489694.7043401, 2396717.07788344)",37489694.7043401,2396717.07788344
Text,PS_HSLtext,2,0,Ì≈  DN500,CDShxStyle,Ì≈  DN500,51946,"c(37489698.5197174, 2396699.76346427)",37489698.5197174,2396699.76346427
Text,PS_HSLtext,2,0,Ì≈  DN500,CDShxStyle,Ì≈  DN500,51947,"c(37489911.0010065, 2397692.31144336)",37489911.0010065,2397692.31144336
Text,PS_HSLtext,2,0,Ì≈  DN1000X3000,CDShxStyle,Ì≈  DN1000X3000,51948,"c(37489914.459728, 2397697.57934651)",37489914.459728,2397697.57934651
Text,PS_HSLtext,2,0,Ì≈  DN1000,CDShxStyle,Ì≈  DN1000,51949,"c(37489919.6319908, 2397686.96342629)",37489919.6319908,2397686.96342629
Text,PS_HSLtext,2,0,Ì≈  DN300,CDShxStyle,Ì≈  DN300,51950,"c(37489796.9382318, 2397429.71765364)",37489796.9382318,2397429.71765364
Text,PS_HSLtext,2,0,Ì≈  DN300,CDShxStyle,Ì≈  DN300,51951,"c(37489636.3907263, 2397193.28768362)",37489636.3907263,2397193.28768362
Text,PS_HSLtext,2,0,Ì≈  DN300,CDShxStyle,Ì≈  DN300,51952,"c(37489377.361035, 2399144.07187256)",37489377.361035,2399144.07187256
Text,PS_HSLtext,2,0,Ì≈  DN300,CDShxStyle,Ì≈  DN300,51953,"c(37489702.7952799, 2399234.57663258)",37489702.7952799,2399234.57663258
Text,PS_HSLtext,2,0,PVC  DN600,CDShxStyle,PVC  DN600,51954,"c(37488832.5273773, 2399939.68767196)",37488832.5273773,2399939.68767196
Text,PS_HSLtext,2,0,Ì≈  DN600,CDShxStyle,Ì≈  DN600,51955,"c(37488927.9576885, 2399964.38915062)",37488927.9576885,2399964.38915062
Text,PS_HSLtext,2,0,Ì≈  DN600,CDShxStyle,Ì≈  DN600,51956,"c(37488959.2434933, 2399963.39183114)",37488959.2434933,2399963.39183114
Text,PS_HSLtext,2,0,Ì≈  DN600,CDShxStyle,Ì≈  DN600,51957,"c(37488989.5756779, 2399961.72925992)",37488989.5756779,2399961.72925992
Text,PS_HSLtext,2,0,Ì≈  DN600,CDShxStyle,Ì≈  DN600,51958,"c(37489024.8751682, 2399960.63898123)",37489024.8751682,2399960.63898123
Text,PS_HSLtext,2,0,Ì≈  DN600,CDShxStyle,Ì≈  DN600,51959,"c(37489048.0452185, 2399964.36133297)",37489048.0452185,2399964.36133297
Text,PS_HSLtext,2,0,Ì≈  DN300,CDShxStyle,Ì≈  DN300,51960,"c(37489647.5593071, 2397251.6589769)",37489647.5593071,2397251.6589769
Text,PS_HSLtext,2,0,Ì≈  DN600,CDShxStyle,Ì≈  DN600,51961,"c(37489649.4365888, 2396505.90599105)",37489649.4365888,2396505.90599105
Text,PS_HSLtext,2,0,Ì≈  DN600,CDShxStyle,Ì≈  DN600,51962,"c(37489651.6964031, 2396517.32269213)",37489651.6964031,2396517.32269213
Text,PS_HSLtext,2,0,Ì≈  DN600,CDShxStyle,Ì≈  DN600,51963,"c(37489660.5808579, 2396530.12089)",37489660.5808579,2396530.12089
Text,PS_HSLtext,2,0,PVC  DN300,CDShxStyle,PVC  DN300,51964,"c(37489663.7374177, 2396988.36262598)",37489663.7374177,2396988.36262598
Text,PS_HSLtext,2,0,Ì≈  DN500,CDShxStyle,Ì≈  DN500,51965,"c(37489435.0278849, 2398216.47278415)",37489435.0278849,2398216.47278415
Text,PS_HSLtext,2,0,Ì≈  DN600,CDShxStyle,Ì≈  DN600,51966,"c(37489445.8874075, 2396961.78754392)",37489445.8874075,2396961.78754392
Text,PS_HSLtext,2,0,Ì≈  DN400,CDShxStyle,Ì≈  DN400,51967,"c(37491641.2119352, 2398342.29596054)",37491641.2119352,2398342.29596054
Text,PS_HSLtext,2,0,Ì≈  DN600,CDShxStyle,Ì≈  DN600,51968,"c(37491641.5522037, 2398348.5875562)",37491641.5522037,2398348.5875562
Text,PS_HSLtext,2,0,Ì≈  DN800,CDShxStyle,Ì≈  DN800,51969,"c(37491636.6519187, 2398342.45729567)",37491636.6519187,2398342.45729567
Text,PS_HSLtext,2,0,Ì≈  DN800,CDShxStyle,Ì≈  DN800,51970,"c(37491619.5674677, 2398338.40954267)",37491619.5674677,2398338.40954267
Text,PS_HSLtext,2,0,Ì≈  DN800,CDShxStyle,Ì≈  DN800,51971,"c(37491583.9589963, 2398339.49349599)",37491583.9589963,2398339.49349599
Text,PS_HSLtext,2,0,Ì≈  DN800,CDShxStyle,Ì≈  DN800,51972,"c(37491606.2874069, 2398312.78185039)",37491606.2874069,2398312.78185039
Text,PS_HSLtext,2,0,Ì≈  DN800,CDShxStyle,Ì≈  DN800,51973,"c(37491606.2908595, 2398264.96185282)",37491606.2908595,2398264.96185282
Text,PS_HSLtext,2,0,Ì≈  DN400,CDShxStyle,Ì≈  DN400,51974,"c(37491603.7726658, 2398243.91349289)",37491603.7726658,2398243.91349289
Text,PS_HSLtext,2,0,Ì≈  DN800,CDShxStyle,Ì≈  DN800,51975,"c(37491606.6659064, 2398236.36232623)",37491606.6659064,2398236.36232623
Text,PS_HSLtext,2,0,PVC  DN150,CDShxStyle,PVC  DN150,51976,"c(37491603.2448628, 2398230.00022306)",37491603.2448628,2398230.00022306
Text,PS_HSLtext,2,0,Ì≈  DN800,CDShxStyle,Ì≈  DN800,51977,"c(37491606.4443058, 2398226.26356444)",37491606.4443058,2398226.26356444
